:020000040800F2
:1000000000500020799C0008299A0008359A0008C1
:100010003D9A0008459A00084D9A0008000000002B
:10002000000000000000000000000000559A0008D9
:10003000619A0008000000006D9A0008799A000893
:10004000C19C0008C19C0008C19C0008C19C00081C
:10005000C19C0008C19C0008C19C0008C19C00080C
:10006000C19C0008C19C0008C19C0008C19C0008FC
:10007000C19C0008C19C0008C19C0008C19C0008EC
:10008000C19C0008C19C0008859A0008C19C00081A
:10009000999A0008C19C0008C19C0008C19C0008F6
:1000A000AD9A0008C19A0008C19C0008C19C0008D4
:1000B000C19C0008C19C0008C19C0008C19C0008AC
:1000C000C19C0008C19C0008C19C0008C19C00089C
:1000D000C19C0008C19C0008C19C0008C19C00088C
:1000E000C19C0008C19C0008C19C000800000000E1
:1000F0000000000000000000000000000000000000
:0C01000000000000000000005FF808F1A3
:10010C00034613F8012B002AFBD1181A013870474B
:10011C000348044B834202D0034B03B1184770478A
:10012C00E4010020E4010020000000000548064B1B
:10013C001B1AD90F01EBA301491002D0034B03B1D9
:10014C0018477047E4010020E40100200000000083
:10015C0010B5064C237843B9FFF7DAFF044B13B103
:10016C000448AFF300800123237010BDE40100208C
:10017C000000000060AF000808B5054B1BB1054935
:10018C000548AFF30080BDE80840FFF7CFBF00BFC4
:10019C0000000000E801002060AF000880B400AF50
:1001AC0000BFBD4680BC704780B584B000AF78609E
:1001BC007B68002B01D10123E8E07B6893F8913236
:1001CC00DBB2002B06D17B68002283F89022786882
:1001DC0008F0D8F87B68032283F891227B68002210
:1001EC005A717B681B68184601F061FD7B681868C2
:1001FC007B6804330ECB01F037FD0346002B05D092
:10020C007B68022283F891220123BFE07B681B6884
:10021C000021184601F065FD0346002B05D07B68D4
:10022C00022283F891220123B0E00023FB733EE00D
:10023C00FA7B796813469B001344DB000B441133A3
:10024C0001221A70FA7B796813469B001344DB0079
:10025C000B441033FA7B1A70FA7B796813469B00B7
:10026C001344DB000B44133300221A70FA7B7968B9
:10027C0013469B001344DB000B44203300221A600E
:10028C00FA7B796813469B001344DB000B44243340
:10029C0000221A60FB7B79685A1C13469B0013449E
:1002AC00DB000B4400221A60FB7B0133FB737B6881
:1002BC001B79FA7B9A42BBD30023FB7344E0FA7B95
:1002CC00796813469B001344DB000B4403F2511373
:1002DC0000221A70FA7B796813469B001344DB00EA
:1002EC000B4403F5A873FA7B1A70FA7B79681346F2
:1002FC009B001344DB000B4403F2531300221A70CF
:10030C00FA7B796813469B001344DB000B4403F51E
:10031C00B07300221A60FA7B796813469B00134471
:10032C00DB000B4403F5B27300221A60FA7B796888
:10033C0013469B001344DB000B4403F5B4730022FB
:10034C001A60FB7B0133FB737B681B79FA7B9A4247
:10035C00B5D37B6818687B6804330ECB01F0CDFCF9
:10036C000346002B05D07B68022283F891220123DF
:10037C000CE07B6800225A737B68012283F891227F
:10038C007B681B68184603F04BFF00231846103798
:10039C00BD4680BD80B582B000AF78607B6893F8B5
:1003AC009032012B01D1022316E07B68012283F8E5
:1003BC0090227B681B68184601F063FC0121786869
:1003CC0008F053FA7B681B68184603F01FFF7B6824
:1003DC00002283F89022002318460837BD4680BDC2
:1003EC0080B588B000AF78607B681B68184603F056
:1003FC0021FFB861BB6903F40043002B03D078687C
:10040C0000F01AFB19E1BB6903F48063002B13D0D5
:10041C007B681B68B3F844309AB27B681B6822F483
:10042C00806292B2A3F84420786808F026F8002184
:10043C00786800F005F900E1BB6903F48043002BF8
:10044C000CD07B681B68B3F844309AB27B681B688D
:10045C0022F4804292B2A3F84420EEE0BB6903F48C
:10046C000053002B0CD07B681B68B3F844309AB255
:10047C007B681B6822F4005292B2A3F84420DCE0A3
:10048C00BB6903F48053002B27D07B681B68B3F83F
:10049C0040309AB27B681B6822F0040292B2A3F837
:1004AC0040207B681B68B3F840309AB27B681B68AD
:1004BC0022F0080292B2A3F84020786808F016F8EF
:1004CC007B681B68B3F844309AB27B681B6822F4D3
:1004DC00805292B2A3F84420AFE0BB6903F40063EE
:1004EC00002B00F083800023FB7710E07B681B68F7
:1004FC001A46FB7F9B001A44FB7F128892B25B006A
:10050C0020333B4423F8182CFB7F0133FB77FB7F14
:10051C00072BEBD97B681B68B3F840309AB27B6829
:10052C001B6842F0010292B2A3F840207B681B6862
:10053C00B3F840309AB27B681B6822F0010292B289
:10054C00A3F8402000BF7B681B68B3F844309BB213
:10055C0003F48063002BF6D07B681B68B3F844303F
:10056C009AB27B681B6822F4806292B2A3F8442092
:10057C000023FB770FE0FB7F7A6812681146FA7F45
:10058C0092000A445B0020333B4433F8183C138040
:10059C00FB7F0133FB77FB7F072BECD97B681B6858
:1005AC00B3F840309AB27B681B6842F0080292B2F2
:1005BC00A3F840207B681B68B3F844309AB27B6880
:1005CC001B6822F4006292B2A3F844207B681B687B
:1005DC00B3F840309AB27B681B6842F0040292B2C6
:1005EC00A3F84020786807F067FF26E0BB6903F4A6
:1005FC000073002B0FD07B681B68B3F844309AB2A1
:10060C007B681B6822F4007292B2A3F844207868CD
:10061C0007F025FF11E0BB6903F48073002B0CD0AD
:10062C007B681B68B3F844309AB27B681B6822F471
:10063C00807292B2A3F8442000BF2037BD4680BD23
:10064C0080B582B000AF78600B46FB707B6893F886
:10065C009032012B01D1022312E07B68012283F836
:10066C0090227B68FA785A737B681B68FA7811467B
:10067C00184603F0B8FD7B68002283F89022002313
:10068C0018460837BD4680BD80B584B000AF786091
:10069C00084611461A460346FB700B463B80134630
:1006AC00BB700023FB7297F90330002B0EDAFB783A
:1006BC0003F0070213469B001344DB0010337A68E7
:1006CC001344FB60FB6801225A700EE0FB7803F0C8
:1006DC00070213469B001344DB0003F5A8737A68EA
:1006EC001344FB60FB6800225A70FB7803F007038D
:1006FC00DAB2FB681A703A88FB681A61FB68BA7840
:10070C00DA70BB78022B02D1FB6800221A717B686D
:10071C0093F89032012B01D102230EE07B68012269
:10072C0083F890227B681B68F968184601F002FB7D
:10073C007B68002283F89022FB7A18461037BD465E
:10074C0080BD80B584B000AF78600B46FB7097F924
:10075C000330002B0EDAFB7803F0070213469B00E4
:10076C001344DB0010337A681344FB60FB680122EE
:10077C005A700EE0FB7803F0070213469B001344FB
:10078C00DB0003F5A8737A681344FB60FB68002256
:10079C005A70FB7803F00703DAB2FB681A707B68B7
:1007AC0093F89032012B01D102230EE07B680122D9
:1007BC0083F890227B681B68F968184601F079FE73
:1007CC007B68002283F89022002318461037BD4620
:1007DC0080BD80B586B000AFF8607A603B600B4698
:1007EC00FB72FB7A03F0070213469B001344DB00F9
:1007FC0003F5A873FA6813447B617B697A685A61C4
:10080C007B693A689A617B690022DA617B69002214
:10081C005A70FB7A03F00703DAB27B691A70FB6833
:10082C001B687969184602F030F80023184618370F
:10083C00BD4680BD80B483B000AF78600B46FB70C2
:10084C00FB7803F00702796813469B001344DB0026
:10085C000B4403F5B6731B6818460C37BD4680BCB9
:10086C00704780B586B000AFF8607A603B600B468D
:10087C00FB72FB7A03F0070213469B001344DB0068
:10088C001033FA6813447B617B697A685A617B691F
:10089C003A689A617B69012283F824207B693A6863
:1008AC001A627B690022DA617B6901225A70FB7A39
:1008BC0003F00703DAB27B691A70FB681B6879696D
:1008CC00184601F0E2FF002318461837BD4680BDDC
:1008DC0080B584B000AF78600B46FB70FB7803F0FA
:1008EC0007037A681279934201D901234CE097F9F6
:1008FC000330002B0EDAFB7803F0070213469B0043
:10090C001344DB0010337A681344FB60FB6801224C
:10091C005A700CE0FA7813469B001344DB0003F585
:10092C00A8737A681344FB60FB6800225A70FB685A
:10093C0001229A70FB7803F00703DAB2FB681A7095
:10094C007B6893F89032012B01D102231CE07B6869
:10095C00012283F890227B681B68F968184603F023
:10096C0045FBFB7803F00703002B08D17B681A6862
:10097C007B6803F526731946104603F06AFC7B6806
:10098C00002283F89022002318461037BD4680BD04
:10099C0080B584B000AF78600B46FB70FB7803F039
:1009AC000F037A681279934201D9012340E097F939
:1009BC000330002B0EDAFB7803F0070213469B0082
:1009CC001344DB0010337A681344FB60FB6801228C
:1009DC005A700EE0FB7803F0070213469B00134499
:1009EC00DB0003F5A8737A681344FB60FB680022F4
:1009FC005A70FB6800229A70FB7803F00703DAB296
:100A0C00FB681A707B6893F89032012B01D102239A
:100A1C000EE07B68012283F890227B681B68F968E2
:100A2C00184603F033FB7B68002283F890220023E6
:100A3C0018461037BD4680BD80B596B000AF7860C3
:100A4C00BBE37B681B68B3F84430A7F84E30B7F8AB
:100A5C004E30DBB203F00F0387F84D3097F84D3072
:100A6C00002B40F07581B7F84E3003F01003002BCB
:100A7C004ED17B681B681B889BB223F4E14323F0A7
:100A8C007003FB817B681A68FB896FEA43436FEA4A
:100A9C0053439BB213807B6810337B657B681B6868
:100AAC00B3F850309BB21A467B6D1B78DB001344B5
:100ABC0002335B007A681268134403F580631B8869
:100ACC00C3F309027B6DDA617B6D5A697B6DDB695F
:100ADC001A447B6D5A610021786807F0A6FC7B688C
:100AEC005B7BDBB2002B00F068837B6D9B69002B7A
:100AFC0040F063837B685B7BDBB263F07F03DAB22D
:100B0C007B681B68A3F84C207B6800225A7354E363
:100B1C007B6803F5A8737B657B681B681B88A7F84B
:100B2C004A30B7F84A3003F40063002B34D07B68AA
:100B3C001B68B3F850309BB21A467B6D1B78DB00F8
:100B4C00134406335B007A681268134403F5806320
:100B5C001B88C3F309027B6DDA617B6818687B68BC
:100B6C0003F526717B6DDA887B6DDB699BB203F034
:100B7C00C1FB7B681B681B889AB240F68F731340CD
:100B8C003B827B681B683A8A42F0800292B21A80E0
:100B9C00786807F01DFC10E3B7F94A30002B80F29F
:100BAC000C837B681B681B889AB240F68F731340CA
:100BBC00FB837B681B68FA8B42F0800292B21A802E
:100BCC007B681B68B3F850309BB21A467B6D1B7860
:100BDC00DB00134406335B007A681268134403F598
:100BEC0080631B88C3F309027B6DDA617B6DDB6963
:100BFC00002B19D07B6D5B69002B15D07B681868B6
:100C0C007B6D59697B6DDA887B6DDB699BB203F078
:100C1C0071FB7B6D5A697B6DDB691A447B6D5A6184
:100C2C000021786807F0E6FB7B681B681B88A7F837
:100C3C004A30B7F84A3003F40063002B40F0BD8211
:100C4C00B7F84A3003F44053B3F5405F00F0B58277
:100C5C007B681B68BB617B681B68B3F850309BB228
:100C6C001A46BB691344BB61BB6903F20C437B613D
:100C7C007B691B889BB2C3F309039AB27B691A8008
:100C8C007B6D1B693E2B1DD97B6D1B695B097B64DE
:100C9C007B6D1B6903F01F03002B02D17B6C013BA6
:100CAC007B647B691B889AB27B6C9BB29B029BB268
:100CBC0013439BB26FEA43436FEA53439AB27B6987
:100CCC001A8026E07B6D1B69002B0AD17B691B887F
:100CDC009BB26FEA43436FEA53439AB27B691A8023
:100CEC0017E07B6D1B695B087B647B6D1B6903F0F4
:100CFC000103002B02D07B6C01337B647B691B8866
:100D0C009AB27B6C9BB29B029BB213439AB27B69E7
:100D1C001A807B681B681B889BB223F4804323F0EA
:100D2C0070037B827B8A83F480537B827B8A83F47F
:100D3C0000537B827B681A687B8A43F07F4343F4C1
:100D4C007F0343F4004343F080039BB2138034E2EF
:100D5C007B681B681A4697F84D309B0013441B8820
:100D6C00A7F84A30B7F94A30002B80F2FC807B6838
:100D7C001B681A4697F84D309B0013441B889AB297
:100D8C0040F68F731340A7F848307B681B681A46EF
:100D9C0097F84D309B001344B7F8482042F080027E
:100DAC0092B21A8097F84D2013469B001344DB0037
:100DBC0003F5A8737A6813447B657B6D1B7B002B52
:100DCC0025D17B681B68B3F850309BB21A467B6DFB
:100DDC001B78DB00134406335B007A6812681344FB
:100DEC0003F580631B88C3F30903A7F85030B7F8E9
:100DFC005030002B00F092807B6818687B6D59692D
:100E0C007B6DDA88B7F8503003F074FA86E07B6DAE
:100E1C00DB78022B0AD1B7F84A301A46796D78681C
:100E2C0000F0D9F90346A7F8503077E07B681B68CF
:100E3C001A467B6D1B789B0013441B889BB223F4D2
:100E4C00E04323F07003A7F852307B681B681A4606
:100E5C007B6D1B789B001A44B7F8523043F07F43EC
:100E6C0043F47F0343F4004343F0C0039BB213806D
:100E7C007B681B681A467B6D1B789B0013441B8890
:100E8C009BB203F48043002B24D07B681B68B3F81F
:100E9C0050309BB21A467B6D1B78DB001344023337
:100EAC005B007A681268134403F580631B88C3F3F4
:100EBC000903A7F85030B7F85030002B2ED07B68C0
:100ECC0018687B6D59697B6D1A89B7F8503003F03F
:100EDC0011FA23E07B681B68B3F850309BB21A46BA
:100EEC007B6D1B78DB00134406335B007A68126859
:100EFC00134403F580631B88C3F30903A7F8503030
:100F0C00B7F85030002B09D07B6818687B6D596995
:100F1C007B6D5A89B7F8503003F0ECF97B6DDA69C8
:100F2C00B7F850301A447B6DDA617B6D5A69B7F8AB
:100F3C0050301A447B6D5A617B6D9B69002B05D038
:100F4C00B7F850207B6D1B699A4206D27B6D1B78DB
:100F5C001946786807F04EFA05E07B681B68796DD6
:100F6C00184601F092FCB7F84A3003F08003002BCE
:100F7C0000F0238197F84D2013469B001344DB00AF
:100F8C0010337A6813447B657B681B681A4697F8A4
:100F9C004D309B0013441B889BB223F4E14323F098
:100FAC007003A7F842307B681B681A4697F84D30DF
:100FBC009B001A44B7F842306FEA43436FEA53433D
:100FCC009BB213807B6DDB78012B40F0A2807B6D94
:100FDC0000229A617B6D1B7B002B00F09380B7F88D
:100FEC004A3003F04003002B46D07B6D5B78002B1E
:100FFC0026D17B681B687B627B681B68B3F850301A
:10100C009BB21A467B6A13447B627B6D1B781A0178
:10101C007B6A134403F204433B623B6A1B889BB21A
:10102C00C3F309039AB23B6A1A803B6A1B889BB2D2
:10103C006FEA43436FEA53439AB23B6A1A8061E00A
:10104C007B6D5B78012B5DD17B681B68FB627B68D9
:10105C001B68B3F850309BB21A46FB6A1344FB6210
:10106C007B6D1B781A01FB6A134403F20443BB62C9
:10107C00BB6A00221A8045E07B681B68FB637B6DB2
:10108C005B78002B26D17B681B687B637B681B68B5
:10109C00B3F850309BB21A467B6B13447B637B6D69
:1010AC001B781A017B6B134403F20C433B633B6BC1
:1010BC001B889BB2C3F309039AB23B6B1A803B6B40
:1010CC001B889BB26FEA43436FEA53439AB23B6B64
:1010DC001A8017E07B6D5B78012B13D17B681B6842
:1010EC00B3F850309BB21A46FB6B1344FB637B6D19
:1010FC001B781A01FB6B134403F20C43BB63BB6BF1
:10110C0000221A807B6D1B781946786807F08DF9E0
:10111C0053E0B7F84A3003F48073002B46D17B6858
:10112C001B68B3F850309BB21A467B6D1B78DB0002
:10113C00134402335B007A681268134403F580632E
:10114C001B88C3F30903A7F840307B6D9A69B7F885
:10115C0040309A4207D97B6D9A69B7F84030D21A61
:10116C007B6D9A6102E07B6D00229A617B6D9B69BD
:10117C00002B06D17B6D1B781946786807F055F962
:10118C001BE07B6D5A69B7F840301A447B6D5A618D
:10119C007B6DDA69B7F840301A447B6DDA617B6895
:1011AC001B68796D184601F070FB06E0B7F84A3001
:1011BC001A46796D786800F01BF97B681B68B3F8E8
:1011CC0044309BB21BB2002BFFF63BAC00231846FD
:1011DC005837BD4680BD80B588B000AFF860B960A7
:1011EC001346FB80FB8803F48043002B7ED0FB6806
:1011FC001B68B3F850309BB21A46BB681B78DB00F7
:10120C00134402335B00FA681268134403F58063DD
:10121C001B88C3F309037B83BB689A697B8B9A4257
:10122C0006D3BB689A697B8BD21ABB689A6102E0C1
:10123C00BB6800229A61BB689B69002B23D1FB68B9
:10124C001B681A46BB681B789B0013441B889BB217
:10125C0023F4804323F070033B833B8B83F40053D4
:10126C003B83FB681B681A46BB681B789B001A44BF
:10127C003B8B43F07F4343F47F0343F4004343F041
:10128C0080039BB21380FB8803F04003002B1FD01C
:10129C00FB681B681A46BB681B789B0013441B88B1
:1012AC009BB223F4E04323F07003FB82FB681B68C2
:1012BC001A46BB681B789B001A44FB8A43F07F4399
:1012CC0043F47F0343F4004343F0C0039BB2138009
:1012DC007B8B002B00F08780FB681868BB68596912
:1012EC00BB681A897B8B03F005F87CE0FB681B68F4
:1012FC00B3F850309BB21A46BB681B78DB00134422
:10130C0006335B00FA681268134403F580631B888C
:10131C00C3F309037B83BB689A697B8B9A4206D320
:10132C00BB689A697B8BD21ABB689A6102E0BB6876
:10133C0000229A61BB689B69002B23D1FB681B6858
:10134C001A46BB681B789B0013441B889BB223F482
:10135C00804323F07003FB83FB8B83F40053FB83EC
:10136C00FB681B681A46BB681B789B001A44FB8BF6
:10137C0043F07F4343F47F0343F4004343F0800383
:10138C009BB21380FB8803F04003002B1FD1FB683A
:10139C001B681A46BB681B789B0013441B889BB2C6
:1013AC0023F4E04323F07003BB83FB681B681A46ED
:1013BC00BB681B789B001A44BB8B43F07F4343F400
:1013CC007F0343F4004343F0C0039BB213807B8B39
:1013DC00002B08D0FB681868BB685969BB685A8930
:1013EC007B8B02F087FF7B8B18462037BD4680BD78
:1013FC0080B5A4B000AFF860B9601346FB80FB88E1
:10140C0003F04003002B00F0DD81FB681B68B3F890
:10141C0050309BB21A46BB681B78DB001344023376
:10142C005B00FA681268134403F580631B88C3F3EE
:10143C000903A7F88630BB689A69B7F886309A42D8
:10144C0007D9BB689A69B7F88630D21ABB689A611B
:10145C0002E0BB6800229A61BB689B69002B40F0DC
:10146C00B980BB685B78002B26D1FB681B68FB62DC
:10147C00FB681B68B3F850309BB21A46FB6A1344E6
:10148C00FB62BB681B781A01FB6A134403F204432A
:10149C00BB62BB6A1B889BB2C3F309039AB2BB6ADB
:1014AC001A80BB6A1B889BB26FEA43436FEA5343B3
:1014BC009AB2BB6A1A801AE0BB685B78012B16D112
:1014CC00FB681B687B63FB681B68B3F850309BB2EE
:1014DC001A467B6B13447B63BB681B781A017B6BCE
:1014EC00134403F204433B633B6B00221A80FB68FA
:1014FC001B687B62BB685B78002B26D1FB681B6882
:10150C00FB61FB681B68B3F850309BB21A46FB6951
:10151C001344FB61BB681B781A01FB69134403F28B
:10152C000C43BB61BB691B889BB2C3F309039AB222
:10153C00BB691A80BB691B889BB26FEA43436FEA95
:10154C0053439AB2BB691A8017E0BB685B78012BD6
:10155C0013D1FB681B68B3F850309BB21A467B6AF8
:10156C0013447B62BB681B781A017B6A134403F239
:10157C000C433B623B6A00221A80BB681B781946FD
:10158C00F86806F052FFFB8803F48043002B00F050
:10159C00FC82FB681B681A46BB681B789B001344D3
:1015AC001B889BB223F4E04323F07003FB82FB689F
:1015BC001B681A46BB681B789B001A44FB8A43F0D5
:1015CC007F4343F47F0343F4404343F080039BB2D7
:1015DC001380DAE2FB8803F48043002B21D0FB68F4
:1015EC001B681A46BB681B789B0013441B889BB274
:1015FC0023F4E04323F07003A7F88A30FB681B68E0
:10160C001A46BB681B789B001A44B7F88A3043F023
:10161C007F4343F47F0343F4404343F080039BB286
:10162C001380BB6893F82430012B40F0AE82BB686A
:10163C005A69B7F886301A44BB685A61BB68DA69D4
:10164C00B7F886301A44BB68DA61BB681A6ABB68A3
:10165C001B699A420BD3BB681B69C7F88C30BB68FB
:10166C001A6AD7F88C30D21ABB681A6217E0BB68BA
:10167C001B6A002B08D1B7F88630C7F88C30BB68D2
:10168C00002283F824200AE0BB68002283F824207F
:10169C00BB681B6AC7F88C30BB6800221A62BB6837
:1016AC005B78002B65D1FB681B68FB63FB681B68D0
:1016BC00B3F850309BB21A46FB6B1344FB63BB6808
:1016CC001B781A01FB6B134403F20443BB63BB6B23
:1016DC001B889BB2C3F309039AB2BB6B1A80D7F871
:1016EC008C303E2B1DD9D7F88C305B09BB64D7F8F6
:1016FC008C3003F01F03002B02D1BB6C013BBB648D
:10170C00BB6B1B889AB2BB6C9BB29B029BB2134304
:10171C009BB26FEA43436FEA53439AB2BB6B1A8096
:10172C0044E0D7F88C30002B0AD1BB6B1B889BB2E2
:10173C006FEA43436FEA53439AB2BB6B1A8035E0AE
:10174C00D7F88C305B08BB64D7F88C3003F00103FE
:10175C00002B02D0BB6C0133BB64BB6B1B889AB2F1
:10176C00BB6C9BB29B029BB213439AB2BB6B1A80AD
:10177C001CE0BB685B78012B18D1FB681B687B6491
:10178C00FB681B68B3F850309BB21A467B6C134451
:10179C007B64BB681B781A017B6C134403F2044313
:1017AC003B64D7F88C309AB23B6C1A80FB68186893
:1017BC00BB685969BB681A89D7F88C309BB202F0A8
:1017CC0053FDE2E1FB681B68B3F850309BB21A463C
:1017DC00BB681B78DB00134406335B00FA681268A5
:1017EC00134403F580631B88C3F30903A7F8863001
:1017FC00BB689A69B7F886309A4207D3BB689A6976
:10180C00B7F88630D21ABB689A6102E0BB68002236
:10181C009A61BB689B69002B40F0C080BB685B7809
:10182C00002B26D1FB681B68FB67FB681B68B3F8B1
:10183C0050309BB21A46FB6F1344FB67BB681B7896
:10184C001A01FB6F134403F20443BB67BB6F1B8885
:10185C009BB2C3F309039AB2BB6F1A80BB6F1B8890
:10186C009BB26FEA43436FEA53439AB2BB6F1A8041
:10187C001AE0BB685B78012B16D1FB681B687B6692
:10188C00FB681B68B3F850309BB21A467B6E13444E
:10189C007B66BB681B781A017B6E134403F204430E
:1018AC003B663B6E00221A80FB681B687B67BB683B
:1018BC005B78002B2BD1FB681B68FB66FB681B68F5
:1018CC00B3F850309BB21A46FB6E1344FB66BB68F0
:1018DC001B781A01FB6E134403F20C43C7F88030DB
:1018EC00D7F880301B889BB2C3F309039AB2D7F8A0
:1018FC0080301A80D7F880301B889BB26FEA434344
:10190C006FEA53439AB2D7F880301A8017E0BB685D
:10191C005B78012B13D1FB681B68B3F850309BB27A
:10192C001A467B6F13447B67BB681B781A017B6F6D
:10193C00134403F20C433B673B6F00221A80BB68D5
:10194C001B781946F86806F070FDFB8803F4804399
:10195C00002B40F01A81FB681B681A46BB681B7889
:10196C009B0013441B889BB223F4E04323F07003C9
:10197C00A7F88830FB681B681A46BB681B789B006D
:10198C001A44B7F8883043F07F4343F47F0343F4A1
:10199C00404343F080039BB21380F6E0FB8803F4D2
:1019AC008043002B21D1FB681B681A46BB681B784F
:1019BC009B0013441B889BB223F4E04323F0700379
:1019CC00A7F84E30FB681B681A46BB681B789B0057
:1019DC001A44B7F84E3043F07F4343F47F0343F48B
:1019EC00404343F080039BB21380BB6893F82430D0
:1019FC00012B40F0CA80BB685A69B7F886301A448C
:101A0C00BB685A61BB68DA69B7F886301A44BB68A0
:101A1C00DA61BB681A6ABB681B699A420BD3BB6854
:101A2C001B69C7F88C30BB681A6AD7F88C30D21A8D
:101A3C00BB681A6217E0BB681B6A002B08D1B7F8A9
:101A4C008630C7F88C30BB68002283F824200AE06B
:101A5C00BB681B6AC7F88C30BB6800221A62BB6873
:101A6C00002283F82420FB681B687B65BB685B78CD
:101A7C00002B65D1FB681B68FB65FB681B68B3F822
:101A8C0050309BB21A46FB6D1344FB65BB681B7848
:101A9C001A01FB6D134403F20C43BB65BB6D1B8831
:101AAC009BB2C3F309039AB2BB6D1A80D7F88C3082
:101ABC003E2B1DD9D7F88C305B09BB66D7F88C3020
:101ACC0003F01F03002B02D1BB6E013BBB66BB6D49
:101ADC001B889AB2BB6E9BB29B029BB213439BB208
:101AEC006FEA43436FEA53439AB2BB6D1A8041E0ED
:101AFC00D7F88C30002B0AD1BB6D1B889BB26FEAD8
:101B0C0043436FEA53439AB2BB6D1A8032E0D7F865
:101B1C008C305B08BB66D7F88C3003F00103002BCC
:101B2C0002D0BB6E0133BB66BB6D1B889AB2BB6E19
:101B3C009BB29B029BB213439AB2BB6D1A8019E005
:101B4C00BB685B78012B15D1FB681B68B3F8503070
:101B5C009BB21A467B6D13447B65BB681B781A01DC
:101B6C007B6D134403F20C433B65D7F88C309AB26F
:101B7C003B6D1A80FB681868BB685969BB685A8949
:101B8C00D7F88C309BB202F06FFBFB681B681A46CF
:101B9C00BB681B789B0013441B889BB223F4E04367
:101BAC0023F04003BB82BB8A83F01003BB82BB8A49
:101BBC0083F02003BB82FB681B681A46BB681B784A
:101BCC009B001A44BB8A43F07F4343F47F0343F4E6
:101BDC00004343F080039BB21380002318469037D8
:101BEC00BD4680BD80B487B000AFF8607B600B460B
:101BFC007B8113463B817B8903F080039BB2002BD6
:101C0C000BD07B8903F0070213469B001344DB00C7
:101C1C001033FA6813447B6109E07A8913469B0000
:101C2C001344DB0003F5A873FA6813447B613B890A
:101C3C00002B07D17B6900221A737B689AB27B69EF
:101C4C00DA800BE07B6901221A737B689AB27B699C
:101C5C001A817B681B0C9AB27B695A810023184647
:101C6C001C37BD4680BC704780B485B000AFF860AF
:101C7C00384680E80E00002318461437BD4680BC59
:101C8C00704780B485B000AF78607B680022A3F801
:101C9C0044204FF43F43FB60FB689AB27B68A3F887
:101CAC004020002318461437BD4680BC704780B4D2
:101CBC0085B000AF78604FF43F43FB607B68B3F8AE
:101CCC0040309AB2FB689BB2DB439BB213409AB292
:101CDC007B68A3F84020002318461437BD4680BC0F
:101CEC00704780B483B000AF78600B46FB70002364
:101CFC0018460C37BD4680BC704780B485B000AF29
:101D0C00F860384680E80E00FB680122A3F84020FA
:101D1C00FB680022A3F84020FB680022A3F84420B3
:101D2C00FB680022A3F85020002318461437BD4648
:101D3C0080BC704780B49DB000AF786039600023E0
:101D4C0087F86F307A683B681B789B0013441B88BC
:101D5C009BB223F4EC4323F07003A7F86C303B6880
:101D6C00DB78032B11D0032B1DDC022B1FD0022B95
:101D7C0019DC002B02D0012B0ED014E0B7F86C301C
:101D8C0043F40073A7F86C3012E0B7F86C3043F4EE
:101D9C00C063A7F86C300BE0B7F86C3043F4806389
:101DAC00A7F86C3004E0012387F86F3000E000BF27
:101DBC007A683B681B789B001A44B7F86C3043F088
:101DCC007F4343F47F0343F4004343F080039BB20F
:101DDC0013807A683B681B789B0013441B889BB26A
:101DEC0023F4E04323F070039BB23A681278134358
:101DFC00A7F866307A683B681B789B001A44B7F8E2
:101E0C00663043F07F4343F47F0343F4004343F0D5
:101E1C0080039BB213803B681B7B002B40F07881C6
:101E2C003B685B78002B00F084807B68BB617B682F
:101E3C00B3F850309BB21A46BB691344BB613B6884
:101E4C001B781A01BB69134403F580637B613B6803
:101E5C00DB885B089BB25B009AB27B691A807A685C
:101E6C003B681B789B0013441B887B827B8A03F0A6
:101E7C004003002B1BD07A683B681B789B001344F3
:101E8C001B889BB223F4E04323F070033B827A68F7
:101E9C003B681B789B001A443B8A43F07F4343F416
:101EAC007F0343F4004343F0C0039BB213803B68B1
:101EBC00DB78012B20D07A683B681B789B0013449D
:101ECC001B889BB223F4E04323F04003BB81BB8906
:101EDC0083F02003BB817A683B681B789B001A4413
:101EEC00BB8943F07F4343F47F0343F4004343F047
:101EFC0080039BB21380D5E27A683B681B789B0009
:101F0C0013441B889BB223F4E04323F04003FB8172
:101F1C007A683B681B789B001A44FB8943F07F432B
:101F2C0043F47F0343F4004343F080039BB21380DC
:101F3C00B8E27B683B637B68B3F850309BB21A46BF
:101F4C003B6B13443B633B681B781A013B6B13449C
:101F5C0003F58163FB623B68DB885B089BB25B002B
:101F6C009AB2FB6A1A807B68BB627B68B3F850300C
:101F7C009BB21A46BB6A1344BB623B681B781A01BE
:101F8C00BB6A134403F20C437B627B6A1B889BB2D3
:101F9C00C3F309039AB27B6A1A803B681B693E2B18
:101FAC001DD93B681B695B09BB663B681B6903F069
:101FBC001F03002B02D1BB6E013BBB667B6A1B88E7
:101FCC009AB2BB6E9BB29B029BB213439BB26FEA5D
:101FDC0043436FEA53439AB27B6A1A8026E03B680C
:101FEC001B69002B0AD17B6A1B889BB26FEA4343A7
:101FFC006FEA53439AB27B6A1A8017E03B681B69FD
:10200C005B08BB663B681B6903F00103002B02D025
:10201C00BB6E0133BB667B6A1B889AB2BB6E9BB2EC
:10202C009B029BB213439AB27B6A1A807A683B6814
:10203C001B789B0013441B887B847B8C03F48043AC
:10204C00002B1BD07A683B681B789B0013441B88C1
:10205C009BB223F4E04323F070033B847A683B6823
:10206C001B789B001A443B8C43F07F4343F47F0363
:10207C0043F4404343F080039BB213803B681B78CE
:10208C00002B24D17A683B681B789B0013441B8877
:10209C009BB223F4804323F07003BB83BB8B83F48C
:1020AC008053BB83BB8B83F40053BB837A683B6840
:1020BC001B789B001A44BB8B43F07F4343F47F0394
:1020CC0043F4004343F080039BB21380EAE17A6847
:1020DC003B681B789B0013441B889BB223F4804302
:1020EC0023F07003FB83FB8B83F40053FB837A6830
:1020FC003B681B789B001A44FB8B43F07F4343F4F3
:10210C007F0343F4004343F080039BB21380C9E187
:10211C003B68DB78022B1ED17A683B681B789B00EE
:10212C0013441B889BB223F4E04323F07003A7F8FD
:10213C0062307A683B681B789B001A44B7F86230AF
:10214C0043F07F4343F47F0343F4014343F08003A4
:10215C009BB213801DE07A683B681B789B0013448C
:10216C001B889BB223F4E24323F07003A7F864307E
:10217C007A683B681B789B001A44B7F8643043F0CC
:10218C007F4343F47F0343F4004343F080039BB24B
:10219C0013807B68FB657B68B3F850309BB21A46A2
:1021AC00FB6D1344FB653B681B781A01FB6D1344F4
:1021BC0003F58063BB653B681B895B089BB25B00C6
:1021CC009AB2BB6D1A807B687B657B68B3F8503024
:1021DC009BB21A467B6D13447B653B681B781A01D6
:1021EC007B6D134403F581633B653B685B895B083E
:1021FC009BB25B009AB23B6D1A803B685B78002BFC
:10220C0040F093807A683B681B789B0013441B88D2
:10221C00A7F84030B7F8403003F48043002B1BD0B4
:10222C007A683B681B789B0013441B889BB223F491
:10223C00E04323F07003FB877A683B681B789B00B4
:10224C001A44FB8F43F07F4343F47F0343F4404332
:10225C0043F080039BB213807A683B681B789B0029
:10226C0013441B88BB87BB8F03F04003002B1BD090
:10227C007A683B681B789B0013441B889BB223F441
:10228C00E04323F070037B877A683B681B789B00E4
:10229C001A447B8F43F07F4343F47F0343F40043A2
:1022AC0043F0C0039BB213807A683B681B789B0099
:1022BC0013441B889BB223F4804323F070033B87A9
:1022CC003B8F83F480533B873B8F83F400533B87D6
:1022DC007A683B681B789B001A443B8F43F07F4322
:1022EC0043F47F0343F4004343F080039BB2138019
:1022FC007A683B681B789B0013441B889BB223F4C1
:10230C00E04323F04003FB867A683B681B789B0014
:10231C001A44FB8E43F07F4343F47F0343F40043A2
:10232C0043F080039BB21380BCE07A683B681B7857
:10233C009B0013441B88A7F84E30B7F84E3003F4BB
:10234C008043002B1DD07A683B681B789B0013449C
:10235C001B889BB223F4E04323F07003A7F84C30A6
:10236C007A683B681B789B001A44B7F84C3043F0F2
:10237C007F4343F47F0343F4404343F080039BB219
:10238C0013807A683B681B789B0013441B88A7F862
:10239C004A30B7F84A3003F04003002B1DD07A685E
:1023AC003B681B789B0013441B889BB223F4E043CF
:1023BC0023F07003A7F848307A683B681B789B00C1
:1023CC001A44B7F8483043F07F4343F47F0343F497
:1023DC00004343F0C0039BB213803B68DB78012BB6
:1023EC0024D07A683B681B789B0013441B889BB2F3
:1023FC0023F4E04323F04003A7F84430B7F844300B
:10240C0083F02003A7F844307A683B681B789B0064
:10241C001A44B7F8443043F07F4343F47F0343F44A
:10242C00004343F080039BB213801DE07A683B6845
:10243C001B789B0013441B889BB223F4E04323F0CE
:10244C004003A7F846307A683B681B789B001A4417
:10245C00B7F8463043F07F4343F47F0343F4004323
:10246C0043F080039BB213807A683B681B789B0017
:10247C0013441B889BB223F4804323F07003A7F80A
:10248C0042307A683B681B789B001A44B7F842309C
:10249C0043F07F4343F47F0343F4004343F0800352
:1024AC009BB2138097F86F3018467437BD4680BCCA
:1024BC00704780B48DB000AF786039603B681B7B8F
:1024CC00002B40F08E803B685B78002B44D07A6800
:1024DC003B681B789B0013441B88BB81BB8903F0B2
:1024EC004003002B1BD07A683B681B789B0013447D
:1024FC001B889BB223F4E04323F070037B817A6842
:10250C003B681B789B001A447B8943F07F4343F460
:10251C007F0343F4004343F0C0039BB213807A68FB
:10252C003B681B789B0013441B889BB223F4E0434D
:10253C0023F040033B817A683B681B789B001A446C
:10254C003B8943F07F4343F47F0343F4004343F060
:10255C0080039BB2138092E17A683B681B789B00E6
:10256C0013441B887B827B8A03F48043002B1BD093
:10257C007A683B681B789B0013441B889BB223F43E
:10258C00E04323F070033B827A683B681B789B0026
:10259C001A443B8A43F07F4343F47F0343F44043A4
:1025AC0043F080039BB213807A683B681B789B00D6
:1025BC0013441B889BB223F4804323F07003FB81EC
:1025CC007A683B681B789B001A44FB8943F07F4375
:1025DC0043F47F0343F4004343F080039BB2138026
:1025EC004DE13B685B78002B40F0A5807A683B6836
:1025FC001B789B0013441B883B843B8C03F4804367
:10260C00002B1BD07A683B681B789B0013441B88FB
:10261C009BB223F4E04323F07003FB837A683B689E
:10262C001B789B001A44FB8B43F07F4343F47F03DE
:10263C0043F4404343F080039BB213807A683B68B9
:10264C001B789B0013441B88BB83BB8B03F040039C
:10265C00002B1BD07A683B681B789B0013441B88AB
:10266C009BB223F4E04323F070037B837A683B68CE
:10267C001B789B001A447B8B43F07F4343F47F030E
:10268C0043F4004343F0C0039BB213807A683B6869
:10269C001B789B0013441B889BB223F4E04323F06C
:1026AC0070033B837A683B681B789B001A443B8B16
:1026BC0043F07F4343F47F0343F4004343F0C003F0
:1026CC009BB213807A683B681B789B0013441B8871
:1026DC009BB223F4804323F07003FB827A683B683F
:1026EC001B789B001A44FB8A43F07F4343F47F031F
:1026FC0043F4004343F080039BB213807A683B6839
:10270C001B789B0013441B889BB223F4E04323F0FB
:10271C004003BB827A683B681B789B001A44BB8AD7
:10272C0043F07F4343F47F0343F4004343F08003BF
:10273C009BB21380A3E07A683B681B789B00134420
:10274C001B88FB85FB8D03F48043002B1BD07A6820
:10275C003B681B789B0013441B889BB223F4E0431B
:10276C0023F07003BB857A683B681B789B001A4486
:10277C00BB8D43F07F4343F47F0343F4404343F06A
:10278C0080039BB213807A683B681B789B001344D0
:10279C001B887B857B8D03F04003002B1BD07A6854
:1027AC003B681B789B0013441B889BB223F4E043CB
:1027BC0023F070033B857A683B681B789B001A44B6
:1027CC003B8D43F07F4343F47F0343F4004343F0DA
:1027DC00C0039BB213807A683B681B789B00134440
:1027EC001B889BB223F4E04323F07003FB847A68CC
:1027FC003B681B789B001A44FB8C43F07F4343F4EB
:10280C007F0343F4404343F080039BB213807A6808
:10281C003B681B789B0013441B889BB223F4E0435A
:10282C0023F04003BB847A683B681B789B001A44F6
:10283C00BB8C43F07F4343F47F0343F4004343F0EA
:10284C0080039BB213807A683B681B789B0013440F
:10285C001B889BB223F4804323F070037B847A683B
:10286C003B681B789B001A447B8C43F07F4343F4FA
:10287C007F0343F4004343F080039BB21380002397
:10288C0018463437BD4680BC704780B5C2B000AF27
:10289C0007F58473A3F58273186007F58473A3F5A9
:1028AC008473196007F58473A3F584731B685B78D4
:1028BC00012B40F0B78607F58473A3F584731B686E
:1028CC009A6907F58473A3F584731B681B699A4294
:1028DC0008D907F58473A3F584731B681B69C7F8C3
:1028EC00043107E007F58473A3F584731B689B69B7
:1028FC00C7F8043107F58473A3F584731B681B7B3D
:10290C00002B3AD107F58473A3F584731B685969BE
:10291C0007F58473A3F584731B68DA88D7F8043140
:10292C009BB207F58470A0F58270006801F09CFCE6
:10293C0007F58473A3F582731B683B6107F58473F9
:10294C00A3F582731B68B3F850309BB21A463B69EF
:10295C0013443B6107F58473A3F584731B681B78E0
:10296C001A013B69134403F20443FB60D7F80431AA
:10297C009AB2FB681A8000F01FBE07F58473A3F5AA
:10298C0084731B68DB78022B40F0628407F5847338
:10299C00A3F584731B681A6A07F58473A3F5847313
:1029AC001B681B699A4240F2DF8307F58473A3F519
:1029BC0082731A6807F58473A3F584731B681B78FC
:1029CC009B0013441B889BB223F4E04323F0700359
:1029DC00A7F8563007F58473A3F582731A6807F5C8
:1029EC008473A3F584731B681B789B001A44B7F897
:1029FC00563043F07F4343F47F0343F4014343F0E9
:102A0C0080039BB2138007F58473A3F584731B6852
:102A1C001A6AD7F80431D21A07F58473A3F58473B4
:102A2C001B681A6207F58473A3F582731A6807F59D
:102A3C008473A3F584731B681B789B0013441B8859
:102A4C009BB203F04003002B00F0C78107F58473A1
:102A5C00A3F582731B683B6307F58473A3F584733A
:102A6C001B685B78002B77D107F58473A3F5827311
:102A7C001B68BB6207F58473A3F582731B68B3F8FC
:102A8C0050309BB21A46BB6A1344BB6207F5847381
:102A9C00A3F584731B681B781A01BB6A134403F2F9
:102AAC000C437B627B6A1B889BB2C3F309039AB20B
:102ABC007B6A1A80D7F804313E2B21D9D7F8043120
:102ACC005B09C7F80031D7F8043103F01F03002B62
:102ADC0004D1D7F80031013BC7F800317B6A1B8861
:102AEC009AB2D7F800319BB29B029BB213439BB2B4
:102AFC006FEA43436FEA53439AB27B6A1A8050E001
:102B0C00D7F80431002B0AD17B6A1B889BB26FEA81
:102B1C0043436FEA53439AB27B6A1A8041E0D7F879
:102B2C0004315B08C7F80031D7F8043103F0010316
:102B3C00002B04D0D7F800310133C7F800317B6A81
:102B4C001B889AB2D7F800319BB29B029BB21343FD
:102B5C009AB27B6A1A8024E007F58473A3F5847318
:102B6C001B685B78012B1CD107F58473A3F582736A
:102B7C001B68B3F850309BB21A463B6B13443B6353
:102B8C0007F58473A3F584731B681B781A013B6BE0
:102B9C00134403F20C43FB62D7F804319AB2FB6A7C
:102BAC001A8007F58473A3F584731B685B89A7F8F7
:102BBC00763007F58473A3F584731B685969D7F8CD
:102BCC0004319BB2B7F8762007F58470A0F58270BB
:102BDC00006801F049FB07F58473A3F584731B6847
:102BEC005A69D7F804311A4407F58473A3F5847332
:102BFC001B685A6107F58473A3F584731B681A6A02
:102C0C0007F58473A3F584731B681B699A420FD96B
:102C1C0007F58473A3F584731B681A6AD7F804311B
:102C2C00D21A07F58473A3F584731B681A620EE03D
:102C3C0007F58473A3F584731B681B6AC7F804310A
:102C4C0007F58473A3F584731B6800221A6207F5D9
:102C5C008473A3F584731B685B78002B77D107F51D
:102C6C008473A3F582731B68BB6107F58473A3F5AA
:102C7C0082731B68B3F850309BB21A46BB6913447D
:102C8C00BB6107F58473A3F584731B681B781A0169
:102C9C00BB69134403F204437B617B691B889BB2C1
:102CAC00C3F309039AB27B691A80D7F804313E2B1F
:102CBC0021D9D7F804315B09C7F8FC30D7F80431B7
:102CCC0003F01F03002B04D1D7F8FC30013BC7F8ED
:102CDC00FC307B691B889AB2D7F8FC309BB29B0204
:102CEC009BB213439BB26FEA43436FEA53439AB2CE
:102CFC007B691A8056E0D7F80431002B0AD17B6926
:102D0C001B889BB26FEA43436FEA53439AB27B69C9
:102D1C001A8047E0D7F804315B08C7F8FC30D7F8C5
:102D2C00043103F00103002B04D0D7F8FC3001333D
:102D3C00C7F8FC307B691B889AB2D7F8FC309BB281
:102D4C009B029BB213439AB27B691A802AE007F567
:102D5C008473A3F584731B685B78012B22D107F570
:102D6C008473A3F582731B683B6207F58473A3F528
:102D7C0082731B68B3F850309BB21A463B6A1344FB
:102D8C003B6207F58473A3F584731B681B781A01E7
:102D9C003B6A134403F20443FB61D7F804319AB243
:102DAC00FB691A8007F58473A3F584731B681B8970
:102DBC00A7F8763007F58473A3F584731B685969FB
:102DCC00D7F804319BB2B7F8762007F58470A0F5DC
:102DDC008270006801F048FAEEE307F58473A3F5FE
:102DEC0084731B685B78002B77D107F58473A3F58C
:102DFC0082731B68BB6407F58473A3F582731B682D
:102E0C00B3F850309BB21A46BB6C1344BB6407F545
:102E1C008473A3F584731B681B781A01BB6C134471
:102E2C0003F204437B647B6C1B889BB2C3F30903E2
:102E3C009AB27B6C1A80D7F804313E2B21D9D7F883
:102E4C0004315B09C7F8F830D7F8043103F01F03DD
:102E5C00002B04D1D7F8F830013BC7F8F8307B6C65
:102E6C001B889AB2D7F8F8309BB29B029BB21343E3
:102E7C009BB26FEA43436FEA53439AB27B6C1A805E
:102E8C0056E0D7F80431002B0AD17B6C1B889BB21F
:102E9C006FEA43436FEA53439AB27B6C1A8047E064
:102EAC00D7F804315B08C7F8F830D7F8043103F0D1
:102EBC000103002B04D0D7F8F8300133C7F8F830F1
:102ECC007B6C1B889AB2D7F8F8309BB29B029BB2F2
:102EDC0013439AB27B6C1A802AE007F58473A3F52E
:102EEC0084731B685B78012B22D107F58473A3F5DF
:102EFC0082731B683B6507F58473A3F582731B68AB
:102F0C00B3F850309BB21A463B6D13443B6507F542
:102F1C008473A3F584731B681B781A013B6D1344EF
:102F2C0003F20443FB64D7F804319AB2FB6C1A80A9
:102F3C0007F58473A3F584731B681B89A7F8763097
:102F4C0007F58473A3F584731B685969D7F80431AA
:102F5C009BB2B7F8762007F58470A0F582700068F4
:102F6C0001F082F907F58473A3F584731B685A6921
:102F7C00D7F804311A4407F58473A3F584731B68DE
:102F8C005A6107F58473A3F584731B681A6A07F5F5
:102F9C008473A3F584731B681B699A420FD907F5D8
:102FAC008473A3F584731B681A6AD7F80431D21A98
:102FBC0007F58473A3F584731B681A620EE007F59A
:102FCC008473A3F584731B681B6AC7F8043107F577
:102FDC008473A3F584731B6800221A6207F584734B
:102FEC00A3F582731B683B6407F58473A3F58473A4
:102FFC001B685B78002B77D107F58473A3F582737C
:10300C001B68BB6307F58473A3F582731B68B3F865
:10301C0050309BB21A46BB6B1344BB6307F58473E9
:10302C00A3F584731B681B781A01BB6B134403F262
:10303C000C437B637B6B1B889BB2C3F309039AB273
:10304C007B6B1A80D7F804313E2B21D9D7F8043189
:10305C005B09C7F8F430D7F8043103F01F03002BD9
:10306C0004D1D7F8F430013BC7F8F4307B6B1B88E4
:10307C009AB2D7F8F4309BB29B029BB213439BB22B
:10308C006FEA43436FEA53439AB27B6B1A8050E06A
:10309C00D7F80431002B0AD17B6B1B889BB26FEAEB
:1030AC0043436FEA53439AB27B6B1A8041E0D7F8E3
:1030BC0004315B08C7F8F430D7F8043103F001038E
:1030CC00002B04D0D7F8F4300133C7F8F4307B6B05
:1030DC001B889AB2D7F8F4309BB29B029BB2134375
:1030EC009AB27B6B1A8024E007F58473A3F5847382
:1030FC001B685B78012B1CD107F58473A3F58273D5
:10310C001B68B3F850309BB21A463B6C13443B64BB
:10311C0007F58473A3F584731B681B781A013B6C49
:10312C00134403F20C43FB63D7F804319AB2FB6BE4
:10313C001A8007F58473A3F584731B685B89A7F861
:10314C00763007F58473A3F584731B685969D7F837
:10315C0004319BB2B7F8762007F58470A0F5827025
:10316C00006801F081F827E207F58473A3F58473F6
:10317C001B681B6AC7F8043107F58473A3F58273C7
:10318C001A6807F58473A3F584731B681B789B007E
:10319C0013441B889BB223F4E24323F07003A7F87B
:1031AC00623007F58473A3F582731A6807F584738C
:1031BC00A3F584731B681B789B001A44B7F8623024
:1031CC0043F07F4343F47F0343F4004343F0800315
:1031DC009BB2138007F58473A3F582731B68FB65A0
:1031EC0007F58473A3F582731B68B3F850309BB258
:1031FC001A46FB6D1344FB6507F58473A3F58473C2
:10320C001B681B781A01FB6D134403F20443BB6566
:10321C00D7F804319AB2BB6D1A8007F58473A3F505
:10322C0084731B681B89A7F8763007F58473A3F5A4
:10323C0084731B685969D7F804319BB2B7F87620B0
:10324C0007F58470A0F58270006801F00DF8B3E109
:10325C0007F58473A3F584731B681A6AD7F80431D5
:10326C00D21A07F58473A3F584731B681A6207F5E9
:10327C008473A3F582731A6807F58473A3F58473BA
:10328C001B681B789B0013441B889BB203F0400304
:10329C00002B00F0C68007F58473A3F582731B68BE
:1032AC003B6707F58473A3F584731B685B78002B6D
:1032BC0077D107F58473A3F582731B68BB6607F59A
:1032CC008473A3F582731B68B3F850309BB21A4613
:1032DC00BB6E1344BB6607F58473A3F584731B683C
:1032EC001B781A01BB6E134403F20C437B667B6E96
:1032FC001B889BB2C3F309039AB27B6E1A80D7F872
:10330C0004313E2B21D9D7F804315B09C7F8F030D2
:10331C00D7F8043103F01F03002B04D1D7F8F03099
:10332C00013BC7F8F0307B6E1B889AB2D7F8F030AF
:10333C009BB29B029BB213439BB26FEA43436FEA6F
:10334C0053439AB27B6E1A8050E0D7F80431002BAD
:10335C000AD17B6E1B889BB26FEA43436FEA5343DF
:10336C009AB27B6E1A8041E0D7F804315B08C7F83B
:10337C00F030D7F8043103F00103002B04D0D7F858
:10338C00F0300133C7F8F0307B6E1B889AB2D7F857
:10339C00F0309BB29B029BB213439AB27B6E1A80A5
:1033AC0024E007F58473A3F584731B685B78012B09
:1033BC001CD107F58473A3F582731B68B3F85030E6
:1033CC009BB21A463B6F13443B6707F58473A3F516
:1033DC0084731B681B781A013B6F134403F20C4374
:1033EC00FB66D7F804319AB2FB6E1A8007F584732A
:1033FC00A3F584731B685B89A7F8763007F5847393
:10340C00A3F584731B685969D7F804319BB2B7F8DC
:10341C00762007F58470A0F58270006800F024FF18
:10342C00CAE007F58473A3F584731B685B78002BE3
:10343C0077D107F58473A3F582731B68FB6707F5D7
:10344C008473A3F582731B68B3F850309BB21A4691
:10345C00FB6F1344FB6707F58473A3F584731B6838
:10346C001B781A01FB6F134403F20443BB67BB6F59
:10347C001B889BB2C3F309039AB2BB6F1A80D7F8AF
:10348C0004313E2B21D9D7F804315B09C7F8EC3055
:10349C00D7F8043103F01F03002B04D1D7F8EC301C
:1034AC00013BC7F8EC30BB6F1B889AB2D7F8EC30F5
:1034BC009BB29B029BB213439BB26FEA43436FEAEE
:1034CC0053439AB2BB6F1A805CE0D7F80431002BDF
:1034DC000AD1BB6F1B889BB26FEA43436FEA53431D
:1034EC009AB2BB6F1A804DE0D7F804315B08C7F86D
:1034FC00EC30D7F8043103F00103002B04D0D7F8DB
:10350C00EC300133C7F8EC30BB6F1B889AB2D7F89C
:10351C00EC309BB29B029BB213439AB2BB6F1A80E6
:10352C0030E007F58473A3F584731B685B78012B7B
:10353C0028D107F58473A3F582731B68C7F8843010
:10354C0007F58473A3F582731B68B3F850309BB2F4
:10355C001A46D7F884301344C7F8843007F58473BF
:10356C00A3F584731B681B781A01D7F884301344B5
:10357C0003F20443C7F88030D7F804319AB2D7F875
:10358C0080301A8007F58473A3F584731B681B893C
:10359C00A7F8763007F58473A3F584731B68596913
:1035AC00D7F804319BB2B7F8762007F58470A0F5F4
:1035BC008270006800F058FE07F58473A3F58273DF
:1035CC001A6807F58473A3F584731B681B789B003A
:1035DC0013441B889BB223F4E04323F040037B810C
:1035EC007B8983F010037B817B8983F020037B81B3
:1035FC0007F58473A3F582731A6807F58473A3F532
:10360C0084731B681B789B001A447B8943F07F43AF
:10361C0043F47F0343F4004343F080039BB21380D5
:10362C0000F0DEBC07F58473A3F584731B681B7B69
:10363C00002B40F0BB8007F58473A3F584731B68E3
:10364C009A6907F58473A3F584731B681B699A4206
:10365C0017D907F58473A3F584731B681B69C7F826
:10366C00043107F58473A3F584731B689A69D7F842
:10367C000431D21A07F58473A3F584731B689A611D
:10368C000EE007F58473A3F584731B689B69C7F878
:10369C00043107F58473A3F584731B6800229A61C7
:1036AC0007F58473A3F582731B68C7F8903007F590
:1036BC008473A3F582731B68B3F850309BB21A461F
:1036CC00D7F890301344C7F8903007F58473A3F5FE
:1036DC0084731B681B781A01D7F89030134403F2DB
:1036EC000C43C7F88C30D7F88C301B889BB2C3F3D3
:1036FC0009039AB2D7F88C301A80D7F804313E2BD4
:10370C0024D9D7F804315B09C7F8E830D7F804316D
:10371C0003F01F03002B04D1D7F8E830013BC7F8A6
:10372C00E830D7F88C301B889AB2D7F8E8309BB2C7
:10373C009B029BB213439BB26FEA43436FEA534322
:10374C009AB2D7F88C301A8000F010BCD7F804313C
:10375C00002B0CD1D7F88C301B889BB26FEA4343FB
:10376C006FEA53439AB2D7F88C301A80FEE3D7F83D
:10377C0004315B08C7F8E830D7F8043103F00103D3
:10378C00002B04D0D7F8E8300133C7F8E830D7F86D
:10379C008C301B889AB2D7F8E8309BB29B029BB254
:1037AC0013439AB2D7F88C301A80DFE307F5847391
:1037BC00A3F584731B68DB78022B40F0188207F5A5
:1037CC008473A3F584731B685B78002B40F09D8099
:1037DC0007F58473A3F582731B68C7F8AC3007F543
:1037EC008473A3F582731B68B3F850309BB21A46EE
:1037FC00D7F8AC301344C7F8AC3007F58473A3F595
:10380C0084731B681B781A01D7F8AC30134403F28D
:10381C000443C7F8A830D7F8A8301B889BB2C3F371
:10382C0009039AB2D7F8A8301A8007F58473A3F568
:10383C0084731B681B693E2B2BD907F58473A3F586
:10384C0084731B681B695B09C7F8E43007F5847344
:10385C00A3F584731B681B6903F01F03002B04D1B1
:10386C00D7F8E430013BC7F8E430D7F8A8301B8810
:10387C009AB2D7F8E4309BB29B029BB213439BB233
:10388C006FEA43436FEA53439AB2D7F8A8301A80D1
:10389C0070E007F58473A3F584731B681B69002B18
:1038AC000CD1D7F8A8301B889BB26FEA43436FEA60
:1038BC0053439AB2D7F8A8301A805BE007F58473AB
:1038CC00A3F584731B681B695B08C7F8E43007F524
:1038DC008473A3F584731B681B6903F00103002B2D
:1038EC0004D0D7F8E4300133C7F8E430D7F8A83067
:1038FC001B889AB2D7F8E4309BB29B029BB213435D
:10390C009AB2D7F8A8301A8034E007F58473A3F57F
:10391C0084731B685B78012B2CD107F58473A3F59A
:10392C0082731B68C7F8B43007F58473A3F58273F0
:10393C001B68B3F850309BB21A46D7F8B430134416
:10394C00C7F8B43007F58473A3F584731B681B7830
:10395C001A01D7F8B430134403F20443C7F8B0305B
:10396C0007F58473A3F584731B681B699AB2D7F8A7
:10397C00B0301A8007F58473A3F582731B68C7F8FF
:10398C00A43007F58473A3F584731B685B78002B54
:10399C0040F09D8007F58473A3F582731B68C7F80C
:1039AC009C3007F58473A3F582731B68B3F8503011
:1039BC009BB21A46D7F89C301344C7F89C3007F5D5
:1039CC008473A3F584731B681B781A01D7F89C3099
:1039DC00134403F20C43C7F89830D7F898301B887F
:1039EC009BB2C3F309039AB2D7F898301A8007F543
:1039FC008473A3F584731B681B693E2B2BD907F5C5
:103A0C008473A3F584731B681B695B09C7F8E030EA
:103A1C0007F58473A3F584731B681B6903F01F03FC
:103A2C00002B04D1D7F8E030013BC7F8E030D7F8D1
:103A3C0098301B889AB2D7F8E0309BB29B029BB2AD
:103A4C0013439BB26FEA43436FEA53439AB2D7F8DE
:103A5C0098301A8069E007F58473A3F584731B68AA
:103A6C001B69002B0CD1D7F898301B889BB26FEADE
:103A7C0043436FEA53439AB2D7F898301A8054E014
:103A8C0007F58473A3F584731B681B695B08C7F87F
:103A9C00E03007F58473A3F584731B681B6903F08E
:103AAC000103002B04D0D7F8E0300133C7F8E03025
:103ABC00D7F898301B889AB2D7F8E0309BB29B02AB
:103ACC009BB213439AB2D7F898301A802DE007F5C1
:103ADC008473A3F584731B685B78012B25D107F5E0
:103AEC008473A3F582731B68B3F850309BB21A46EB
:103AFC00D7F8A4301344C7F8A43007F58473A3F5A2
:103B0C0084731B681B781A01D7F8A430134403F292
:103B1C000C43C7F8A03007F58473A3F584731B68B6
:103B2C001B699AB2D7F8A0301A8007F58473A3F5F5
:103B3C0084731B68DB69002B00F0188207F5847313
:103B4C00A3F582731A6807F58473A3F584731B6855
:103B5C001B789B0013441B88A7F89630B7F8963057
:103B6C0003F48043002B05D0B7F8963003F04003E4
:103B7C00002B0DD1B7F8963003F48043002B40F0A6
:103B8C00F581B7F8963003F04003002B40F0EE813E
:103B9C0007F58473A3F582731A6807F58473A3F58C
:103BAC0084731B681B789B0013441B889BB223F403
:103BBC00E04323F07003A7F8943007F58473A3F562
:103BCC0082731A6807F58473A3F584731B681B78DA
:103BDC009B001A44B7F8943043F07F4343F47F03BF
:103BEC0043F4004343F0C0039BB21380BEE107F5DE
:103BFC008473A3F584731B68DB78012B40F0B481CC
:103C0C0007F58473A3F584731B689A6907F58473AD
:103C1C00A3F584731B681B699A4217D907F5847343
:103C2C00A3F584731B681B69C7F8043107F584730B
:103C3C00A3F584731B689A69D7F80431D21A07F577
:103C4C008473A3F584731B689A610EE007F5847383
:103C5C00A3F584731B689B69C7F8043107F584735B
:103C6C00A3F584731B6800229A6107F58473A3F58E
:103C7C0084731B685B78002B40F0858007F5847398
:103C8C00A3F582731B68C7F8CC3007F58473A3F5D2
:103C9C0082731B68B3F850309BB21A46D7F8CC30FD
:103CAC001344C7F8CC3007F58473A3F584731B68F1
:103CBC001B781A01D7F8CC30134403F20443C7F82D
:103CCC00C830D7F8C8301B889BB2C3F309039AB22B
:103CDC00D7F8C8301A80D7F804313E2B23D9D7F83F
:103CEC0004315B09C7F8DC30D7F8043103F01F034B
:103CFC00002B04D1D7F8DC30013BC7F8DC30D7F807
:103D0C00C8301B889AB2D7F8DC309BB29B029BB2AE
:103D1C0013439BB26FEA43436FEA53439AB2D7F80B
:103D2C00C8301A8060E0D7F80431002B0CD1D7F8DA
:103D3C00C8301B889BB26FEA43436FEA53439AB275
:103D4C00D7F8C8301A804FE0D7F804315B08C7F8B1
:103D5C00DC30D7F8043103F00103002B04D0D7F882
:103D6C00DC300133C7F8DC30D7F8C8301B889AB286
:103D7C00D7F8DC309BB29B029BB213439AB2D7F8B4
:103D8C00C8301A8030E007F58473A3F584731B6880
:103D9C005B78012B28D107F58473A3F582731B681C
:103DAC00C7F8D43007F58473A3F582731B68B3F896
:103DBC0050309BB21A46D7F8D4301344C7F8D430DD
:103DCC0007F58473A3F584731B681B781A01D7F865
:103DDC00D430134403F20443C7F8D030D7F804317D
:103DEC009AB2D7F8D0301A8007F58473A3F5827392
:103DFC001B68C7F8C43007F58473A3F584731B687C
:103E0C005B78002B40F0858007F58473A3F58273F3
:103E1C001B68C7F8BC3007F58473A3F582731B6865
:103E2C00B3F850309BB21A46D7F8BC301344C7F8DD
:103E3C00BC3007F58473A3F584731B681B781A01D7
:103E4C00D7F8BC30134403F20C43C7F8B830D7F89A
:103E5C00B8301B889BB2C3F309039AB2D7F8B830B9
:103E6C001A80D7F804313E2B23D9D7F804315B09DB
:103E7C00C7F8D830D7F8043103F01F03002B04D156
:103E8C00D7F8D830013BC7F8D830D7F8B8301B88F2
:103E9C009AB2D7F8D8309BB29B029BB213439BB219
:103EAC006FEA43436FEA53439AB2D7F8B8301A809B
:103EBC005CE0D7F80431002B0CD1D7F8B8301B8854
:103ECC009BB26FEA43436FEA53439AB2D7F8B830C8
:103EDC001A804BE0D7F804315B08C7F8D830D7F814
:103EEC00043103F00103002B04D0D7F8D830013390
:103EFC00C7F8D830D7F8B8301B889AB2D7F8D83072
:103F0C009BB29B029BB213439AB2D7F8B8301A807B
:103F1C002CE007F58473A3F584731B685B78012B85
:103F2C0024D107F58473A3F582731B68B3F8503062
:103F3C009BB21A46D7F8C4301344C7F8C43007F5FF
:103F4C008473A3F584731B681B781A01D7F8C430EB
:103F5C00134403F20C43C7F8C030D7F804319AB2BB
:103F6C00D7F8C0301A8001E001233AE007F58473DA
:103F7C00A3F582731A6807F58473A3F584731B6821
:103F8C001B789B0013441B889BB223F4804323F0C3
:103F9C007003A7F88A30B7F88A3083F48053A7F8F7
:103FAC008A30B7F88A3083F40053A7F88A3007F5C3
:103FBC008473A3F582731A6807F58473A3F584736D
:103FCC001B681B789B001A44B7F88A3043F07F4378
:103FDC0043F47F0343F4004343F080039BB213800C
:103FEC000023184607F58477BD4680BD80B485B0A4
:103FFC0000AF786039603B685B78002B20D07A6822
:10400C003B681B789B0013441B889BB223F4E04352
:10401C0023F04003BB81BB8983F01003BB817A681A
:10402C003B681B789B001A44BB8943F07F4343F4E5
:10403C007F0343F4004343F080039BB213801FE0E3
:10404C007A683B681B789B0013441B889BB223F453
:10405C00804323F07003FB81FB8983F48053FB8145
:10406C007A683B681B789B001A44FB8943F07F43BA
:10407C0043F47F0343F4004343F080039BB213806B
:10408C00002318461437BD4680BC704780B487B0F7
:10409C0000AF786039603B681B7B002B40F09D8043
:1040AC003B685B78002B4CD07A683B681B789B0094
:1040BC0013441B883B823B8A03F04003002B1BD02C
:1040CC007A683B681B789B0013441B889BB223F4D3
:1040DC00E04323F07003FB817A683B681B789B00FC
:1040EC001A44FB8943F07F4343F47F0343F40043BA
:1040FC0043F0C0039BB213803B68DB78012B6CD080
:10410C007A683B681B789B0013441B889BB223F492
:10411C00E04323F04003BB81BB8983F02003BB81C8
:10412C007A683B681B789B001A44BB8943F07F4339
:10413C0043F47F0343F4004343F080039BB21380AA
:10414C004BE07A683B681B789B0013441B88FB820E
:10415C00FB8A03F48043002B1BD07A683B681B78E6
:10416C009B0013441B889BB223F4E04323F07003A1
:10417C00BB827A683B681B789B001A44BB8A43F06D
:10418C007F4343F47F0343F4404343F080039BB2EB
:10419C0013807A683B681B789B0013441B889BB286
:1041AC0023F4804323F070037B827B8A83F4805357
:1041BC007B827B8A83F400537B827A683B681B7812
:1041CC009B001A447B8A43F07F4343F47F0343F400
:1041DC00004343F080039BB21380002318461C3726
:1041EC00BD4680BC704780B483B000AF78600B468E
:1041FC00FB70FB78002B03D17B688022A3F84C204A
:10420C00002318460C37BD4680BC704780B483B081
:10421C0000AF7860002318460C37BD4680BC704751
:10422C0080B483B000AF7860002318460C37BD46CD
:10423C0080BC704780B485B000AF78607B68B3F801
:10424C0044309BB2FB60FB6818461437BD4680BCFB
:10425C00704780B483B000AF786039600023184693
:10426C000C37BD4680BC704780B48BB000AFF86093
:10427C00B96011461A460B46FB801346BB80BB88BF
:10428C0001335B08BB61FB687B61BB68FB61FB882E
:10429C005A007B69134403F580633B62BB697B6204
:1042AC001FE0FB691B787B82FB6901331B781BB217
:1042BC001B021AB2B7F9123013431BB27B823B6A52
:1042CC007A8A1A803B6A02333B623B6A02333B6256
:1042DC00FB690133FB61FB690133FB617B6A013BC9
:1042EC007B627B6A002BDCD100BF00BF2C37BD4644
:1042FC0080BC704780B48BB000AFF860B9601146D9
:10430C001A460B46FB801346BB80BB885B089BB2EE
:10431C00BB61FB687B61BB68FB61FB885A007B69F6
:10432C00134403F580633B62BB697B621BE03B6A11
:10433C001B889BB23B613B6A02333B623B69DAB23E
:10434C00FB691A70FB690133FB613B691B0ADAB22A
:10435C00FB691A70FB690133FB613B6A02333B62F8
:10436C007B6A013B7B627B6A002BE0D1BB8803F04C
:10437C0001039BB2002B07D03B6A1B889BB23B61AD
:10438C003B69DAB2FB691A7000BF2C37BD4680BCA2
:10439C007047000080B500AF084B1B68074A43F01C
:1043AC0010031360032001F049F80F2000F008F807
:1043BC0005F08AFB0023184680BD00BF0020024098
:1043CC0080B582B000AF7860124B1A68124B1B7824
:1043DC0019464FF47A73B3FBF1F3B2FBF3F31846BF
:1043EC0001F061F80346002B01D001230EE07B683D
:1043FC000F2B0AD8002279684FF0FF3001F029F812
:10440C00064A7B681360002300E001231846083736
:10441C00BD4680BD000000200800002004000020E4
:10442C0080B400AF054B1B781A46054B1B68134430
:10443C00034A136000BFBD4680BC704708000020D3
:10444C000002002080B400AF024B1B681846BD462A
:10445C0080BC70470002002080B584B000AF78604B
:10446C00FFF7F0FFB8607B68FB60FB68B3F1FF3FC0
:10447C0005D00A4B1B781A46FB681344FB6000BF3F
:10448C00FFF7E0FF0246BB68D31AFA689A42F7D8E6
:10449C0000BF00BF1037BD4680BD00BF0800002024
:1044AC0080B586B000AF78607B68002B01D101230A
:1044BC0072E27B681B6803F00103002B00F087801D
:1044CC00924B5B6803F00C03042B0CD08F4B5B6896
:1044DC0003F00C03082B12D18C4B5B6803F4803374
:1044EC00B3F5803F0BD1894B1B6803F40033002BD1
:1044FC006CD07B685B68002B68D101234CE27B6835
:10450C005B68B3F5803F06D1804B1B687F4A43F450
:10451C00803313602EE07B685B68002B0CD17B4BE7
:10452C001B687A4A23F480331360784B1B68774AF4
:10453C0023F4802313601DE07B685B68B3F5A02F28
:10454C000CD1724B1B68714A43F4802313606F4B80
:10455C001B686E4A43F4803313600BE06B4B1B6893
:10456C006A4A23F480331360684B1B68674A23F450
:10457C00802313607B685B68002B13D0FFF762FF0E
:10458C00386108E0FFF75EFF02463B69D31A642BE3
:10459C0001D9032300E25D4B1B6803F40033002BAD
:1045AC00F0D014E0FFF74EFF386108E0FFF74AFF48
:1045BC0002463B69D31A642B01D90323ECE1534B1C
:1045CC001B6803F40033002BF0D100E000BF7B68C4
:1045DC001B6803F00203002B63D04C4B5B6803F0A9
:1045EC000C03002B0BD0494B5B6803F00C03082B1E
:1045FC001CD1464B5B6803F48033002B16D1434B24
:10460C001B6803F00203002B05D07B681B69012B90
:10461C0001D00123C0E13D4B1B6823F0F8027B68FD
:10462C005B69DB00394913430B603AE07B681B691B
:10463C00002B20D0364B01221A60FFF703FF3861A4
:10464C0008E0FFF7FFFE02463B69D31A022B01D9A3
:10465C000323A1E12D4B1B6803F00203002BF0D0C8
:10466C002A4B1B6823F0F8027B685B69DB00274947
:10467C0013430B6015E0264B00221A60FFF7E2FE95
:10468C00386108E0FFF7DEFE02463B69D31A022BC5
:10469C0001D9032380E11D4B1B6803F00203002B9F
:1046AC00F0D17B681B6803F00803002B3AD07B68C1
:1046BC009B69002B19D0174B01221A60FFF7C2FE21
:1046CC00386108E0FFF7BEFE02463B69D31A022BA5
:1046DC0001D9032360E10D4B5B6A03F00203002B4D
:1046EC00F0D0012000F0DAFA1CE00A4B00221A602C
:1046FC00FFF7A8FE38610FE0FFF7A4FE02463B6906
:10470C00D31A022B08D9032346E100BF0010024044
:10471C000000424280044242924B5B6A03F0020367
:10472C00002BE9D17B681B6803F00403002B00F01D
:10473C00A6800023FB758B4BDB6903F08053002BA9
:10474C000DD1884BDB69874A43F08053D361854B8D
:10475C00DB6903F08053BB60BB680123FB75824BA4
:10476C001B6803F48073002B18D17F4B1B687E4AA7
:10477C0043F480731360FFF765FE386108E0FFF7C0
:10478C0061FE02463B69D31A642B01D9032303E172
:10479C00754B1B6803F48073002BF0D07B68DB68CF
:1047AC00012B06D16F4B1B6A6E4A43F00103136257
:1047BC002DE07B68DB68002B0CD16A4B1B6A694AC5
:1047CC0023F001031362674B1B6A664A23F0040350
:1047DC0013621CE07B68DB68052B0CD1614B1B6AF8
:1047EC00604A43F0040313625E4B1B6A5D4A43F05C
:1047FC00010313620BE05B4B1B6A5A4A23F0010363
:10480C001362584B1B6A574A23F0040313627B68EC
:10481C00DB68002B15D0FFF715FE38610AE0FFF7B7
:10482C0011FE02463B69D31A41F28832934201D9F8
:10483C000323B1E04B4B1B6A03F00203002BEED0B9
:10484C0014E0FFF7FFFD38610AE0FFF7FBFD0246BD
:10485C003B69D31A41F28832934201D903239BE07E
:10486C00404B1B6A03F00203002BEED1FB7D012BA6
:10487C0005D13C4BDB693B4A23F08053D3617B6809
:10488C00DB69002B00F08780364B5B6803F00C0370
:10489C00082B61D07B68DB69022B46D1334B00229D
:1048AC001A60FFF7CFFD386108E0FFF7CBFD024639
:1048BC003B69D31A022B01D903236DE0294B1B68EA
:1048CC0003F00073002BF0D17B681B6AB3F5803FBB
:1048DC0008D1244B5B6823F400327B689B68214928
:1048EC0013434B601F4B5B6823F474127B68196A8B
:1048FC007B685B6A0B431B4913434B601B4B0122C8
:10490C001A60FFF79FFD386108E0FFF79BFD024638
:10491C003B69D31A022B01D903233DE0114B1B68D1
:10492C0003F00073002BF0D035E0104B00221A601E
:10493C00FFF788FD386108E0FFF784FD02463B690C
:10494C00D31A022B01D9032326E0064B1B6803F074
:10495C000073002BF0D11EE07B68DB69012B07D1C3
:10496C00012319E000100240007000406000424238
:10497C000B4B5B68FB60FB6803F480327B681B6A43
:10498C009A4206D1FB6803F470127B685B6A9A4208
:10499C0001D0012300E0002318461837BD4680BD26
:1049AC000010024080B584B000AF786039607B683D
:1049BC00002B01D10123D0E06A4B1B6803F00703E5
:1049CC003A689A4210D9674B1B6823F00702654975
:1049DC003B6813430B60634B1B6803F007033A6897
:1049EC009A4201D00123B8E07B681B6803F00203F4
:1049FC00002B20D07B681B6803F00403002B05D030
:104A0C00594B5B68584A43F4E06353607B681B68FE
:104A1C0003F00803002B05D0534B5B68524A43F458
:104A2C0060535360504B5B6823F0F0027B689B68CB
:104A3C004D4913434B607B681B6803F00103002B4B
:104A4C0040D07B685B68012B07D1474B1B6803F494
:104A5C000033002B15D101237FE07B685B68022BB0
:104A6C0007D1414B1B6803F00073002B09D10123C4
:104A7C0073E03D4B1B6803F00203002B01D10123B3
:104A8C006BE0394B5B6823F003027B685B6836494B
:104A9C0013434B60FFF7D6FCF8600AE0FFF7D2FC3B
:104AAC000246FB68D31A41F28832934201D90323A0
:104ABC0053E02D4B5B6803F00C027B685B689B003A
:104ACC009A42EBD1274B1B6803F007033A689A42D2
:104ADC0010D2244B1B6823F0070222493B68134376
:104AEC000B60204B1B6803F007033A689A4201D015
:104AFC00012332E07B681B6803F00403002B08D011
:104B0C00194B5B6823F4E0627B68DB68164913433E
:104B1C004B607B681B6803F00803002B09D0124B19
:104B2C005B6823F460527B681B69DB000E491343FE
:104B3C004B6000F02DF802460B4B5B681B0903F031
:104B4C000F030A49CB5C22FA03F3094A1360094BA1
:104B5C001B681846FFF734FC002318461037BD4677
:104B6C0080BD00BF002002400010024080B0000851
:104B7C00000000200400002080B400AF034B012291
:104B8C001A6000BFBD4680BC704700BF4C0042425B
:104B9C0080B487B000AF0023FB600023BB60002310
:104BAC007B6100237B6000233B611E4B5B68FB60D9
:104BBC00FB6803F00C03042B02D0082B03D027E076
:104BCC00194B3B6127E0FB689B0C03F00F03174A62
:104BDC00D35C7B60FB6803F48033002B10D0114B4B
:104BEC005B685B0C03F00103114AD35CBB607B6810
:104BFC000D4A03FB02F2BB68B2FBF3F37B6104E0EA
:104C0C007B680C4A02FB03F37B617B693B6102E02E
:104C1C00054B3B6100BF3B6918461C37BD4680BC49
:104C2C00704700BF0010024000127A0098B00008D4
:104C3C00A8B0000800093D0080B400AF024B1B680F
:104C4C001846BD4680BC70470000002080B500AF00
:104C5C00FFF7F2FF0246054B5B68DB0A03F0070324
:104C6C000349CB5C22FA03F3184680BD00100240C6
:104C7C0090B0000880B500AF064B9B6803F0800332
:104C8C00802B04D100F028F8034B80221A7000BF4F
:104C9C0080BD00BF001002400A10024080B485B0F5
:104CAC0000AF78600A4B1B680A4AA2FB03235B0A1D
:104CBC007A6802FB03F3FB6000BFFB685A1EFA60C4
:104CCC00002BF9D100BF00BF1437BD4680BC704724
:104CDC0000000020D34D621080B400AF00BFBD4671
:104CEC0080BC704780B586B000AF786000233B6114
:104CFC000023FB607B681B6803F00103002B7DD055
:104D0C000023FB754F4BDB6903F08053002B0DD157
:104D1C004C4BDB694B4A43F08053D361494BDB6905
:104D2C0003F08053BB60BB680123FB75464B1B68CB
:104D3C0003F48073002B18D1434B1B68424A43F495
:104D4C0080731360FFF77EFB386108E0FFF77AFB96
:104D5C0002463B69D31A642B01D903236DE03A4B0D
:104D6C001B6803F48073002BF0D0364B1B6A03F4E2
:104D7C004073FB60FB68002B2ED07B685B6803F4F0
:104D8C004073FA689A4227D02E4B1B6A23F4407367
:104D9C00FB602E4B01221A602C4B00221A60294A10
:104DAC00FB681362FB6803F00103002B14D0FFF7C0
:104DBC0049FB38610AE0FFF745FB02463B69D31A11
:104DCC0041F28832934201D9032336E01D4B1B6A12
:104DDC0003F00203002BEED01A4B1B6A23F4407233
:104DEC007B685B68174913430B62FB7D012B05D174
:104DFC00144BDB69134A23F08053D3617B681B6827
:104E0C0003F00203002B08D00E4B5B6823F44042E6
:104E1C007B689B680B4913434B607B681B6803F0F2
:104E2C001003002B08D0074B5B6823F480027B68CF
:104E3C00DB68044913434B60002318461837BD4602
:104E4C0080BD00BF00100240007000404004424290
:104E5C0080B588B000AF786000237B610023FB61D4
:104E6C0000233B610023FB600023BB617B68102B9C
:104E7C000AD07B68102B00F28A807B68012B45D00E
:104E8C007B68022B75D082E0464B5B68FB60454B20
:104E9C001B6803F08073002B7BD0FB689B0C03F02A
:104EAC000F03414AD35C3B61FB6803F48033002B56
:104EBC0015D03C4B5B685B0C03F001033B4AD35CA5
:104ECC007B61FB6803F48033002B0DD0384A7B697F
:104EDC00B2FBF3F23B6902FB03F3FB6104E03B69B9
:104EEC00344A02FB03F3FB612E4B5B6803F4800333
:104EFC00B3F5800F02D1FB69BB614AE0FB695B0033
:104F0C002D4AA2FB03235B08BB6142E0254B1B6AC5
:104F1C00FB60FB6803F44073B3F5807F08D1FB683A
:104F2C0003F00203002B03D04FF40043BB611FE0DE
:104F3C00FB6803F44073B3F5007F09D1194B5B6A2E
:104F4C0003F00203002B03D049F64043BB610FE092
:104F5C00FB6803F44073B3F5407F1CD1114B1B6805
:104F6C0003F40033002B16D04FF22443BB6112E044
:104F7C0011E0FFF76BFE02460A4B5B689B0B03F0DC
:104F8C00030301335B00B2FBF3F3BB6104E000BF2E
:104F9C0002E000BF00E000BFBB6918462037BD46E9
:104FAC0080BD00BF00100240ACB00008BCB00008CF
:104FBC0000127A0000093D00ABAAAAAA80B48BB0FB
:104FCC0000AF7860396000237B6200233B6253E1C1
:104FDC0001227B6A02FA03F37B613B681B687A69E6
:104FEC0013403B613A697B699A4240F042813B68CD
:104FFC005B688F4A934247D08D4A93425ED88D4A64
:10500C00934241D08B4A934258D88B4A93423BD01F
:10501C00894A934252D8894A934235D0874A93425F
:10502C004CD8874A93422FD0854A934246D8854A1A
:10503C00934229D0834A934240D8122B1FD0122B73
:10504C003CD8112B11D0112B38D8032B33D0032B78
:10505C0034D8022B0ED0022B30D8002B14D0012BBD
:10506C002CD13B68DB683B6229E03B68DB6804338E
:10507C003B6224E03B68DB6808333B621FE03B6823
:10508C00DB680C333B621AE03B689B68002B02D157
:10509C0004233B6213E03B689B68012B05D108237A
:1050AC003B627B687A691A6109E008233B627B6882
:1050BC007A695A6103E000233B6200E000BF3B6960
:1050CC00FF2B02D87B68FB6102E07B680433FB6139
:1050DC003B69FF2B03D87B6A9B00BB6103E07B6AB7
:1050EC00083B9B00BB61FB691A680F21BB6901FA85
:1050FC0003F3DB431A40396ABB6901FA03F31A4321
:10510C00FB691A603B685B6803F08053002B00F06E
:10511C00B0804D4B9B694C4A43F0010393614A4B61
:10512C009B6903F00103BB60BB68484A7B6A9B0820
:10513C00023352F82330FB607B6A03F003039B00BD
:10514C000F2202FA03F3DB43FA681340FB607B681F
:10515C003F4A934213D07B683E4A93420DD07B6802
:10516C003D4A934207D07B683C4A934201D10323CA
:10517C0006E0042304E0022302E0012300E0002304
:10518C007A6A02F0030292009340FA681343FB60C0
:10519C002E497B6A9B080233FA6841F823203B684E
:1051AC005B6803F48013002B06D02D4B9A682C49B6
:1051BC003B6913438B6006E0294B9A683B69DB43E0
:1051CC00274913408B603B685B6803F40013002B8A
:1051DC0006D0234BDA6822493B691343CB6006E0C7
:1051EC001F4BDA683B69DB431D491340CB603B68BE
:1051FC005B6803F40033002B06D0194B5A6818492E
:10520C003B6913434B6006E0154B5A683B69DB4323
:10521C00134913404B603B685B6803F48033002BED
:10522C0020D00F4B1A680E493B6913430B6020E0EA
:10523C00000032100000311000002210000021107C
:10524C00000012100000111000100240000001407C
:10525C0000080140000C0140001001400014014006
:10526C00000401400B4B1A683B69DB4309491340AE
:10527C000B607B6A01337B623B681A687B6A22FA9B
:10528C0003F3002B7FF4A4AE00BF00BF2C37BD4648
:10529C0080BC70470004014080B485B000AF7860DA
:1052AC007B6803F00703FB600C4BDB68BB60BA68E0
:1052BC004FF6FF031340BB60FB681A02BB68134335
:1052CC0043F0BF6343F40033BB60044ABB68D36054
:1052DC0000BF1437BD4680BC704700BF00ED00E036
:1052EC0080B400AF044BDB681B0A03F007031846BD
:1052FC00BD4680BC704700BF00ED00E080B483B0B9
:10530C0000AF0346FB7197F90730002B0BDBFB79E1
:10531C0003F01F02064997F907305B09012000FAD8
:10532C0002F241F8232000BF0C37BD4680BC704709
:10533C0000E100E080B483B000AF03463960FB713C
:10534C0097F90730002B0ADB3B68DAB20C4997F966
:10535C0007301201D2B20B4483F800230AE03B68F9
:10536C00DAB20849FB7903F00F03043B1201D2B205
:10537C000B441A7600BF0C37BD4680BC704700BF8B
:10538C0000E100E000ED00E080B489B000AFF8600F
:10539C00B9607A60FB6803F007037B617B69033BB0
:1053AC00042B04D87B69C3F10703FB6101E00423E0
:1053BC00FB617B690433062B03D97B69033BBB611F
:1053CC0001E00023BB614FF0FF32FB6902FA03F3EB
:1053DC00DA43BB681A40BB699A404FF0FF31BB6996
:1053EC0001FA03F3D9437B680B4013431846243767
:1053FC00BD4680BC7047000080B582B000AF7860BD
:10540C007B68013BB3F1807F01D301230FE00A4A93
:10541C007B68013B53600F214FF0FF30FFF78AFF91
:10542C00054B00229A60044B07221A600023184691
:10543C000837BD4680BD00BF10E000E080B582B0EB
:10544C0000AF78607868FFF727FF00BF0837BD46CC
:10545C0080BD80B586B000AF0346B9607A60FB733F
:10546C0000237B61FFF73CFF78617A68B968786943
:10547C00FFF78AFF024697F90F3011461846FFF7DF
:10548C0059FF00BF1837BD4680BD80B582B000AF54
:10549C000346FB7197F907301846FFF72FFF00BF43
:1054AC000837BD4680BD80B582B000AF78607868A3
:1054BC00FFF7A2FF034618460837BD4680BD000023
:1054CC0080B586B000AF78600023FB7500233B618C
:1054DC000023BB600023FB607B68002B01D1012300
:1054EC00BEE07B689B68002B7B689B6A002B09D114
:1054FC007B680022DA627B68002283F824207868BB
:10550C0004F020F9786800F0DFF90346FB757B683E
:10551C009B6A03F01003002B40F09980FB7D002B5D
:10552C0040F095807B689B6A23F4885323F0020338
:10553C0043F002027B689A627B685A687B68DB697D
:10554C001A437B681B7B5B001343BA681343BB6035
:10555C007B689B68B3F5807F03D07B689B68012BCD
:10556C0002D14FF4807300E000233A6913433B618E
:10557C007B681B7D012B19D17B681B7B002B09D110
:10558C007B689B69013B5A033B69134343F40063FB
:10559C003B610BE07B689B6A43F020027B689A625C
:1055AC007B68DB6A43F001027B68DA627B681B680C
:1055BC005B6823F469417B681B683A690A435A604B
:1055CC007B681B689A68284B13407A681268B96824
:1055DC000B4393607B689B68B3F5807F03D07B683B
:1055EC009B68012B04D17B681B69013B1B05FB608D
:1055FC007B681B68DB6A23F470017B681B68FA68A4
:10560C000A43DA627B681B689A68184B1340BA68C5
:10561C009A420BD17B680022DA627B689B6A23F08A
:10562C00030343F001027B689A6218E07B689B6A73
:10563C0023F0120343F010027B689A627B68DB6AEA
:10564C0043F001027B68DA620123FB7507E07B689B
:10565C009B6A43F010027B689A620123FB75FB7D09
:10566C0018461837BD4680BDFDF7E1FFFE0E1FFF43
:10567C0080B584B000AF78607B681B681B68FB60EA
:10568C007B681B685B68BB60BB6803F02003002B66
:10569C003ED0FB6803F00203002B39D07B689B6A79
:1056AC0003F01003002B05D17B689B6A43F4007256
:1056BC007B689A627B681B689B6803F46023B3F574
:1056CC00602F1DD17B681B7B002B19D17B681B685D
:1056DC005A687B681B6822F020025A607B689B6AC0
:1056EC0023F480727B689A627B689B6A03F4805314
:1056FC00002B05D17B689B6A43F001027B689A62A0
:10570C00786800F074F87B681B686FF012021A60FE
:10571C00BB6803F08003002B4DD0FB6803F004033F
:10572C00002B48D07B689B6A03F01003002B05D13B
:10573C007B689B6A43F400527B689A627B681B68A7
:10574C009B6803F4E043B3F5E04F12D07B681B6811
:10575C005B6803F48063002B25D17B681B689B6816
:10576C0003F46023B3F5602F1DD17B681B7B002BEA
:10577C0019D17B681B685A687B681B6822F0800211
:10578C005A607B689B6A23F480527B689A627B68C0
:10579C009B6A03F48073002B05D17B689B6A43F0F2
:1057AC0001027B689A62786803F058FD7B681B687D
:1057BC006FF00C021A60BB6803F04003002B12D090
:1057CC00FB6803F00103002B0DD07B689B6A43F44C
:1057DC0080327B689A62786800F012F87B681B68EC
:1057EC006FF001021A6000BF1037BD4680BD80B457
:1057FC0083B000AF786000BF0C37BD4680BC7047EB
:10580C0080B483B000AF786000BF0C37BD4680BC5D
:10581C007047000080B584B000AF78600023FB6057
:10582C000023BB607B681B689B6803F00103012BA2
:10583C0040D07B681B689A687B681B6842F0010249
:10584C009A601F4B1B681F4AA2FB03239B0CBB6077
:10585C0002E0BB68013BBB60BB68002BF9D1FEF7D3
:10586C00F1FDF8601FE0FEF7EDFD0246FB68D31A70
:10587C00022B18D97B681B689B6803F00103012B72
:10588C0011D07B689B6A43F010027B689A627B683C
:10589C00DB6A43F001027B68DA627B68002283F8E2
:1058AC002420012307E07B681B689B6803F001033D
:1058BC00012BD8D1002318461037BD4680BD00BF40
:1058CC000000002083DE1B4380B584B000AF7860FD
:1058DC000023FB607B681B689B6803F00103012BB2
:1058EC002ED17B681B689A687B681B6822F00102CA
:1058FC009A60FEF7A7FDF8601BE0FEF7A3FD0246D9
:10590C00FB68D31A022B14D97B681B689B6803F0C5
:10591C000103012B0DD17B689B6A43F010027B685D
:10592C009A627B68DB6A43F001027B68DA620123CE
:10593C0007E07B681B689B6803F00103012BDCD03C
:10594C00002318461037BD4680BD000090B587B0C7
:10595C0000AF78600023FB750023FB607B6893F835
:10596C002430012B01D1022397E07B68012283F8BC
:10597C0024207868FFF7A8FF0346FB757868FFF7CB
:10598C0049FF0346FB75FB7D002B40F081807B6853
:10599C009B6A23F4885323F0020343F002027B68D2
:1059AC009A62404B1C680220FFF752FA0346B4FB84
:1059BC00F3F35B00FB6002E0FB68013BFB60FB6800
:1059CC00002BF9D17B681B689A687B681B6842F0D6
:1059DC0008029A60FEF736FD38611BE0FEF732FDD7
:1059EC0002463B69D31A0A2B14D97B681B689B6847
:1059FC0003F00803002B0DD07B689B6A23F0120385
:105A0C0043F010027B689A627B68002283F82420A2
:105A1C00012342E07B681B689B6803F00803002BA2
:105A2C00DCD17B681B689A687B681B6842F00402B7
:105A3C009A60FEF707FD38611BE0FEF703FD024696
:105A4C003B69D31A0A2B14D97B681B689B6803F03B
:105A5C000403002B0DD07B689B6A23F0120343F0E8
:105A6C0010027B689A627B68002283F82420012351
:105A7C0013E07B681B689B6803F00403002BDCD1EC
:105A8C007B689B6A23F0030343F001027B689A62F4
:105A9C007B68002283F82420FB7D18461C37BD460A
:105AAC0090BD00BF0000002080B584B000AF7860CE
:105ABC000023FB737B6893F82430012B01D1022364
:105ACC0078E07B68012283F824207868FFF7A2FE37
:105ADC000346FB73FB7B002B67D17B689B6A23F42B
:105AEC00405323F0010343F480527B689A627B6835
:105AFC001B68324A934205D1314B5B6803F4702327
:105B0C00002B06D17B689B6A23F480127B689A6217
:105B1C0005E07B689B6A43F480127B689A627B6821
:105B2C009B6A03F48073002B02D17B680022DA623B
:105B3C007B68002283F824207B681B686FF00402CA
:105B4C001A607B681B685A687B681B6842F080028D
:105B5C005A607B681B685B6803F48063002B28D158
:105B6C007B681B689B6803F4E043B3F5E04F13D1EB
:105B7C007B681B68114A934205D1114B5B6803F497
:105B8C007023002B08D17B681B689A687B681B68A4
:105B9C0042F402129A600CE07B681B689A687B687E
:105BAC001B6842F400429A6003E07B68002283F891
:105BBC002420FB7B18461037BD4680BD00280140D1
:105BCC000024014080B485B000AF786039600023B8
:105BDC00FB603B68042B09D03B68042B15D83B6851
:105BEC00022B0DD03B68032B05D00EE07B681B68A5
:105BFC009B6CFB600EE07B681B685B6CFB6009E0D8
:105C0C007B681B681B6CFB6004E07B681B68DB6BB0
:105C1C00FB6000BFFB6818461437BD4680BC70475C
:105C2C0090B484B000AF786039600023FB7300231C
:105C3C00BB607B6893F82430012B01D102237FE1F8
:105C4C007B68012283F824207B689B68002B19D188
:105C5C003B685B68012B0CD17B681B689B6B9B0DB5
:105C6C009B053A681268D1037A6812680B439363F8
:105C7C004FE07B689B6A43F020027B689A620123A9
:105C8C00FB7346E03B685A683B681B699A422AD80A
:105C9C007B681B68996B3B685A683B681B69D21A16
:105CAC0013469B0013440F331F2202FA03F343F4F1
:105CBC004013DB4319403B681B69013B18053B68EB
:105CCC001C683B685A683B681B69D21A13469B00D8
:105CDC0013440F3304FA03F340EA03027B681B6896
:105CEC000A439A6315E07B681B68996B3B685A689A
:105CFC003B681B69D21A13469B0013440F331F22B7
:105D0C0002FA03F343F44013DA437B681B680A403E
:105D1C009A637B681B689B6803F00103012B0CD012
:105D2C007B681B689B6823F4E04323F001033A680B
:105D3C0091697A6812680B4393603B685B7D012B19
:105D4C0015D13B689B69B3F5E04F08D17B681B68A4
:105D5C005A687B681B6842F480625A6007E07B6873
:105D6C009B6A43F020027B689A620123FB733B68B9
:105D7C001B7D012B14D13B685B7D002B08D17B680C
:105D8C001B685A687B681B6842F480525A6007E0B3
:105D9C007B689B6A43F020027B689A620123FB7349
:105DAC003B681B68092B1ED97B681B68D9683B684C
:105DBC001B68A3F10A0213465B001344072202FA84
:105DCC0003F3DB4319403B6898683B681B68A3F1FD
:105DDC000A0213465B00134400FA03F27B681B684B
:105DEC000A43DA6019E07B681B6819693B681A681A
:105DFC0013465B001344072202FA03F3DB431940FA
:105E0C003B6898683B681A6813465B00134400FAB9
:105E1C0003F27B681B680A431A613B681B68102BF2
:105E2C0003D03B681B68112B07D17B681B689A68F1
:105E3C007B681B6842F400029A603B685B68032B2A
:105E4C0022D0032B2ED8012B02D0022B0ED029E00E
:105E5C007B681B685B6923F47F6323F00F033A684C
:105E6C00D1687A6812680B43536129E07B681B6820
:105E7C009B6923F47F6323F00F033A68D1687A6837
:105E8C0012680B4393611BE07B681B68DB6923F48E
:105E9C007F6323F00F033A68D1687A6812680B436A
:105EAC00D3610DE07B681B681B6A23F47F6323F0CE
:105EBC000F033A68D1687A6812680B43136200BF0B
:105ECC003B681B68102B03D03B681B68112B32D12D
:105EDC007B681B681D4A934225D17B681B689B68B5
:105EEC0003F40003002B26D17B681B689A687B683F
:105EFC001B6842F400029A603B681B68102B1AD195
:105F0C00134B1B68134AA2FB03239A0C13469B00EA
:105F1C0013445B00BB6002E0BB68013BBB60BB6829
:105F2C00002BF9D107E07B689B6A43F020027B6869
:105F3C009A620123FB737B68002283F82420FB7B8D
:105F4C0018461037BD4690BC704700BF0024014076
:105F5C000000002083DE1B4380B582B000AF786068
:105F6C007B68002B01D1012341E07B6893F83D3025
:105F7C00DBB2002B06D17B68002283F83C207868CA
:105F8C0003F0D0FC7B68022283F83D207B681A6802
:105F9C007B6804331946104600F0CAFA7B6801226C
:105FAC0083F846207B68012283F83E207B6801221F
:105FBC0083F83F207B68012283F840207B68012214
:105FCC0083F841207B68012283F842207B68012200
:105FDC0083F843207B68012283F844207B680122EC
:105FEC0083F845207B68012283F83D200023184666
:105FFC000837BD4680BD000080B584B000AF786026
:10600C0039603B68002B09D17B6893F83E30DBB2DA
:10601C00012B14BF01230023DBB222E03B68042BCD
:10602C0009D17B6893F83F30DBB2012B14BF0123FD
:10603C000023DBB215E03B68082B09D17B6893F891
:10604C004030DBB2012B14BF01230023DBB208E08C
:10605C007B6893F84130DBB2012B14BF0123002382
:10606C00DBB2002B01D001235EE03B68002B04D196
:10607C007B68022283F83E2013E03B68042B04D19A
:10608C007B68022283F83F200BE03B68082B04D18D
:10609C007B68022283F8402003E07B68022283F8AD
:1060AC0041207B681B6801223968184600F036FCD9
:1060BC007B681B681E4A934207D17B681B685A6C2D
:1060CC007B681B6842F400425A647B681B68184A60
:1060DC0093420ED07B681B68B3F1804F09D07B686C
:1060EC001B68144A934204D07B681B68124A934283
:1060FC0011D17B681B689B6803F00703FB60FB688E
:10610C00062B10D07B681B681A687B681B6842F0F2
:10611C0001021A6007E07B681B681A687B681B68C1
:10612C0042F001021A60002318461037BD4680BDAC
:10613C00002C0140000400400008004080B584B0F1
:10614C0000AF78607B681B68DB68FB607B681B6852
:10615C001B69BB60BB6803F00203002B20D0FB68FB
:10616C0003F00203002B1BD07B681B686FF002024C
:10617C001A617B6801221A777B681B689B6903F0A4
:10618C000303002B03D0786800F0B6F905E07868BB
:10619C0000F0A9F9786800F0B8F97B6800221A774A
:1061AC00BB6803F00403002B20D0FB6803F004034E
:1061BC00002B1BD07B681B686FF004021A617B6894
:1061CC0002221A777B681B689B6903F44073002BCF
:1061DC0003D0786800F090F905E0786800F083F956
:1061EC00786800F092F97B6800221A77BB6803F09C
:1061FC000803002B20D0FB6803F00803002B1BD0F6
:10620C007B681B686FF008021A617B6804221A779E
:10621C007B681B68DB6903F00303002B03D07868F1
:10622C0000F06AF905E0786800F05DF9786800F034
:10623C006CF97B6800221A77BB6803F01003002B03
:10624C0020D0FB6803F01003002B1BD07B681B686D
:10625C006FF010021A617B6808221A777B681B6842
:10626C00DB6903F44073002B03D0786800F044F929
:10627C0005E0786800F037F9786800F046F97B683B
:10628C0000221A77BB6803F00103002B0CD0FB68CB
:10629C0003F00103002B07D07B681B686FF0010231
:1062AC001A61786800F016F9BB6803F08003002BC4
:1062BC000CD0FB6803F08003002B07D07B681B68B5
:1062CC006FF080021A61786800F0A2FCBB6803F0E2
:1062DC004003002B0CD0FB6803F04003002B07D0CD
:1062EC007B681B686FF040021A61786800F016F941
:1062FC00BB6803F02003002B0CD0FB6803F02003D9
:10630C00002B07D07B681B686FF020021A6178683D
:10631C0000F075FC00BF1037BD4680BD80B586B05F
:10632C0000AFF860B9607A600023FB75FB6893F8E6
:10633C003C30012B01D10223A2E0FB68012283F83F
:10634C003C207B680C2B72D07B680C2B00F290806D
:10635C007B68082B4BD07B68082B00F289807B680C
:10636C00002B03D07B68042B20D081E0FB681B68DA
:10637C00B968184600F04AF9FB681B689A69FB6813
:10638C001B6842F008029A61FB681B689A69FB68FB
:10639C001B6822F004029A61FB681B689969BB6850
:1063AC001A69FB681B680A439A6164E0FB681B6806
:1063BC00B968184600F090F9FB681B689A69FB688D
:1063CC001B6842F400629A61FB681B689A69FB685F
:1063DC001B6822F480629A61FB681B689969BB6830
:1063EC001B691A02FB681B680A439A6143E0FB684D
:1063FC001B68B968184600F0D9F9FB681B68DA69A4
:10640C00FB681B6842F00802DA61FB681B68DA69FA
:10641C00FB681B6822F00402DA61FB681B68D9690F
:10642C00BB681A69FB681B680A43DA6123E0FB68E6
:10643C001B68B968184600F023FAFB681B68DA6918
:10644C00FB681B6842F40062DA61FB681B68DA695E
:10645C00FB681B6822F48062DA61FB681B68D969EF
:10646C00BB681B691A02FB681B680A43DA6102E00D
:10647C000123FB7500BFFB68002283F83C20FB7DE9
:10648C0018461837BD4680BD80B483B000AF786025
:10649C0039607B6893F83C30012B01D1022314E066
:1064AC007B68012283F83C207B68022283F83D2024
:1064BC007B681B683A685A617B68012283F83D202F
:1064CC007B68002283F83C20002318460C37BD461D
:1064DC0080BC704780B483B000AF786000BF0C37CD
:1064EC00BD4680BC704780B483B000AF786000BFFD
:1064FC000C37BD4680BC704780B483B000AF786069
:10650C0000BF0C37BD4680BC704780B483B000AF71
:10651C00786000BF0C37BD4680BC704780B483B038
:10652C0000AF786000BF0C37BD4680BC70470000E0
:10653C0080B485B000AF786039607B681B68FB6005
:10654C007B682F4A93420BD07B68B3F1804F07D006
:10655C007B682C4A934203D07B682B4A934208D128
:10656C00FB6823F07003FB603B685B68FA681343BD
:10657C00FB607B68224A93420BD07B68B3F1804F5F
:10658C0007D07B681F4A934203D07B681E4A934214
:10659C0008D1FB6823F44073FB603B68DB68FA6846
:1065AC001343FB60FB6823F080023B685B69134379
:1065BC00FB607B68FA681A603B689A687B68DA62F1
:1065CC003B681A687B689A627B680D4A934203D1D8
:1065DC003B681A697B681A637B6801225A617B6885
:1065EC001B6903F00103002B05D07B681B6923F0AA
:1065FC0001027B681A6100BF1437BD4680BC70472E
:10660C00002C0140000400400008004080B487B01A
:10661C0000AF786039607B681B6A7B617B681B6AA2
:10662C0023F001027B681A627B685B683B617B68C4
:10663C009B69FB60FB6823F07003FB60FB6823F035
:10664C000303FB603B681B68FA681343FB607B69C0
:10665C0023F002037B613B689B687A6913437B617F
:10666C007B681C4A93420CD17B6923F008037B6145
:10667C003B68DB687A6913437B617B6923F0040315
:10668C007B617B68134A934211D13B6923F480737D
:10669C003B613B6923F400733B613B685B693A697E
:1066AC0013433B613B689B693A6913433B617B68CD
:1066BC003A695A607B68FA689A613B685A687B68E9
:1066CC005A637B687A691A6200BF1C37BD4680BC6E
:1066DC00704700BF002C014080B487B000AF7860D9
:1066EC0039607B681B6A7B617B681B6A23F0100234
:1066FC007B681A627B685B683B617B689B69FB60AB
:10670C00FB6823F4E043FB60FB6823F44073FB60FD
:10671C003B681B681B02FA681343FB607B6923F020
:10672C0020037B613B689B681B017A6913437B6187
:10673C007B681D4A93420DD17B6923F080037B61FA
:10674C003B68DB681B017A6913437B617B6923F02F
:10675C0040037B617B68144A934213D13B6923F459
:10676C0080633B613B6923F400633B613B685B697D
:10677C009B003A6913433B613B689B699B003A69F8
:10678C0013433B617B683A695A607B68FA689A618B
:10679C003B685A687B689A637B687A691A6200BFA7
:1067AC001C37BD4680BC7047002C014080B487B0BC
:1067BC0000AF786039607B681B6A7B617B681B6A01
:1067CC0023F480727B681A627B685B683B617B6830
:1067DC00DB69FB60FB6823F07003FB60FB6823F054
:1067EC000303FB603B681B68FA681343FB607B691F
:1067FC0023F400737B613B689B681B027A6913432B
:10680C007B617B681D4A93420DD17B6923F4006345
:10681C007B613B68DB681B027A6913437B617B6994
:10682C0023F480637B617B68144A934213D13B69E8
:10683C0023F480533B613B6923F400533B613B6879
:10684C005B691B013A6913433B613B689B691B0104
:10685C003A6913433B617B683A695A607B68FA6812
:10686C00DA613B685A687B68DA637B687A691A621A
:10687C0000BF1C37BD4680BC704700BF002C0140D8
:10688C0080B487B000AF786039607B681B6A3B616D
:10689C007B681B6A23F480527B681A627B685B6896
:1068AC007B617B68DB69FB60FB6823F4E043FB6086
:1068BC00FB6823F44073FB603B681B681B02FA689F
:1068CC001343FB603B6923F400533B613B689B68BB
:1068DC001B033A6913433B617B680F4A934209D10E
:1068EC007B6923F480437B613B685B699B017A691C
:1068FC0013437B617B687A695A607B68FA68DA615A
:10690C003B685A687B681A647B683A691A6200BFF4
:10691C001C37BD4680BC7047002C014080B487B04A
:10692C0000AFF860B9607A60BB6803F01F03012206
:10693C0002FA03F37B61FB681A6A7B69DB431A403A
:10694C00FB681A62FB681A6ABB6803F01F0379685C
:10695C0001FA03F31A43FB681A6200BF1C37BD46E9
:10696C0080BC704780B584B000AF786039603B68FC
:10697C00002B09D17B6893F84230DBB2012B14BF9A
:10698C0001230023DBB222E03B68042B09D17B6896
:10699C0093F84330DBB2012B14BF01230023DBB28D
:1069AC0015E03B68082B09D17B6893F84430DBB2C7
:1069BC00012B14BF01230023DBB208E07B6893F8A2
:1069CC004530DBB2012B14BF01230023DBB2002BBB
:1069DC0001D0012359E03B68002B04D17B680222D3
:1069EC0083F8422013E03B68042B04D17B6802221D
:1069FC0083F843200BE03B68082B04D17B68022210
:106A0C0083F8442003E07B68022283F845207B68EE
:106A1C001B6804223968184600F003F97B681B6870
:106A2C005A6C7B681B6842F400425A647B681B6892
:106A3C00184A93420ED07B681B68B3F1804F09D083
:106A4C007B681B68144A934204D07B681B68134A0A
:106A5C00934211D17B681B689B6803F00703FB60B2
:106A6C00FB68062B10D07B681B681A687B681B6858
:106A7C0042F001021A6007E07B681B681A687B68A9
:106A8C001B6842F001021A60002318461037BD46FD
:106A9C0080BD00BF002C01400004004000080040F5
:106AAC0080B485B000AF786039607B6893F83C3077
:106ABC00012B01D1022346E07B68012283F83C20A4
:106ACC007B68022283F83D207B681B685B68FB6057
:106ADC007B681B689B68BB60FB6823F07003FB60E2
:106AEC003B681B68FA681343FB607B681B68FA6899
:106AFC005A607B681B68164A93420ED07B681B68F1
:106B0C00B3F1804F09D07B681B68124A934204D0C2
:106B1C007B681B68104A93420CD1BB6823F080033E
:106B2C00BB603B685B68BA681343BB607B681B68DF
:106B3C00BA689A607B68012283F83D207B6800224A
:106B4C0083F83C20002318461437BD4680BC7047A0
:106B5C00002C0140000400400008004080B485B0C7
:106B6C0000AF786039600023FB607B6893F83C30A1
:106B7C00012B01D102233DE07B68012283F83C20EC
:106B8C00FB6823F0FF023B68DB681343FB60FB6888
:106B9C0023F440723B689B681343FB60FB6823F44F
:106BAC0080623B685B681343FB60FB6823F4006204
:106BBC003B681B681343FB60FB6823F480523B6803
:106BCC001B691343FB60FB6823F400523B685B6951
:106BDC001343FB60FB6823F480423B68DB6913437F
:106BEC00FB607B681B68FA685A647B68002283F838
:106BFC003C20002318461437BD4680BC704780B437
:106C0C0083B000AF786000BF0C37BD4680BC7047C6
:106C1C0080B483B000AF786000BF0C37BD4680BC39
:106C2C00704780B487B000AFF860B9607A60BB6819
:106C3C0003F00F03042202FA03F37B61FB681A6A68
:106C4C007B69DB431A40FB681A62FB681A6ABB68F3
:106C5C0003F00F03796801FA03F31A43FB681A6215
:106C6C0000BF1C37BD4680BC7047000080B584B0A7
:106C7C0000AFF860B9601346FB71FB68002B0AD1BA
:106C8C00144803F0DDF8144803F0DAF80A2003F096
:106C9C00E9F802231AE0FB68D3F8B432002B03D0D6
:106CAC00FB680022C3F8B422BB68002B03D0FB683E
:106CBC00BA68C3F8B022FB68012283F89C22FB68F7
:106CCC00FA791A70F86801F01FFC00231846103787
:106CDC00BD4680BD78AF000880AF000880B584B099
:106CEC0000AF786039600023FB733B68002B06D043
:106CFC007B683A68C3F8B4220023FB730AE00848A7
:106D0C0003F09EF8074803F09BF80A2003F0AAF85A
:106D1C000223FB73FB7B18461037BD4680BD00BFBA
:106D2C0078AF000898AF000880B582B000AF7860EB
:106D3C00786801F043FC002318460837BD4680BD37
:106D4C0080B483B000AF7860002318460C37BD4682
:106D5C0080BC704780B584B000AF78600B46FB7088
:106D6C000223FB737B68D3F8B432002B0CD07B6806
:106D7C00D3F8B4321B68FA78114678689847034602
:106D8C00002B01D10023FB73FB7B18461037BD464B
:106D9C0080BD80B582B000AF78600B46FB707B681D
:106DAC00D3F8B4325B68FA781146786898470023B8
:106DBC0018460837BD4680BD80B582B000AF7860FC
:106DCC0039607B6803F52A733968184600F0DDFEDC
:106DDC007B680122C3F894227B68B3F8AE321A4662
:106DEC007B68C3F898227B6893F8A83203F01F03E2
:106DFC00022B16D0022B1CD8002B02D0012B08D052
:106E0C0017E07B6803F52A731946786800F0CAF915
:106E1C001AE07B6803F52A731946786800F02BFAA0
:106E2C0012E07B6803F52A731946786800F06BFA58
:106E3C000AE07B6893F8A83223F07F03DBB2194693
:106E4C00786801F01BFC00BF002318460837BD46CC
:106E5C0080BD80B586B000AFF8600B467A60FB72DF
:106E6C00FB7A002B4BD1FB6803F5AA737B61FB68A3
:106E7C00D3F89432032B34D17B69DA687B691B69B4
:106E8C009A4219D97B69DA687B691B69D21A7B69CA
:106E9C00DA607B69DA687B691B699A4203D27B6989
:106EAC00DB689BB202E07B691B699BB21A4679686E
:106EBC00F86800F059FF38E0FB68D3F8B4321B696E
:106ECC00002B0AD0FB6893F89C32032B05D1FB688E
:106EDC00D3F8B4321B69F8689847F86800F056FF8D
:106EEC0023E0FB68D3F89432052B1ED1FB680022FB
:106EFC00C3F894220021F86801F0C0FB15E0FB6890
:106F0C00D3F8B4329B69002B0DD0FB6893F89C32FC
:106F1C00032B08D1FB68D3F8B4329B69FA7A11467B
:106F2C00F868984701E0022300E000231846183760
:106F3C00BD4680BD80B586B000AFF8600B467A6068
:106F4C00FB72FB7A002B7FD1FB6814337B61FB68EF
:106F5C00D3F89432022B5CD17B69DA687B691B69AC
:106F6C009A4215D97B69DA687B691B69D21A7B69ED
:106F7C00DA607B69DB689BB21A467968F86800F0C6
:106F8C00C3FE002300220021F86801F022FC4EE031
:106F9C007B699B687A691269B3FBF2F101FB02F21F
:106FAC009B1A002B1CD17B699A687B691B699A42DE
:106FBC0016D37B699A68FB68D3F898329A420FD241
:106FCC0000220021F86800F09FFEFB680022C3F845
:106FDC009822002300220021F86801F0FAFB26E039
:106FEC00FB68D3F8B432DB68002B0AD0FB6893F84B
:106FFC009C32032B05D1FB68D3F8B432DB68F868FC
:10700C0098478021F86801F039FBF86800F0D1FE50
:10701C000DE0FB68D3F89432042B04D0FB68D3F852
:10702C009432002B03D18021F86801F027FBFB6818
:10703C0093F8A032012B1DD1F868FFF781FEFB6895
:10704C00002283F8A02215E0FB68D3F8B4325B6908
:10705C00002B0DD0FB6893F89C32032B08D1FB68F6
:10706C00D3F8B4325B69FA7A1146F868984701E0B4
:10707C00022300E0002318461837BD4680BD80B5BA
:10708C0082B000AF7860402300220021786801F0C4
:10709C00B0FA7B680122C3F858217B684022C3F800
:1070AC006421402300228021786801F0A2FA7B68D9
:1070BC0001229A617B6840225A627B68012283F824
:1070CC009C227B680022C3F894227B6800225A60C1
:1070DC007B680022C3F8A4227B68D3F8B832002B5B
:1070EC0009D07B68D3F8B4325B687A685268D2B244
:1070FC00114678689847002318460837BD4680BD6E
:10710C0080B483B000AF78600B46FB707B68FA7874
:10711C001A74002318460C37BD4680BC704780B4E7
:10712C0083B000AF78607B6893F89C227B6883F80F
:10713C009D227B68042283F89C22002318460C377E
:10714C00BD4680BC704780B483B000AF78607B686C
:10715C0093F89C32042B05D17B6893F89D227B68B5
:10716C0083F89C22002318460C37BD4680BC704720
:10717C0080B582B000AF78607B6893F89C32032BAB
:10718C000BD17B68D3F8B432DB69002B05D07B685C
:10719C00D3F8B432DB69786898470023184608376F
:1071AC00BD4680BD80B584B000AF786039600023E7
:1071BC00FB733B681B7803F06003402B05D0402B1E
:1071CC004FD8002B09D0202B4BD17B68D3F8B4328D
:1071DC009B6839687868984748E03B685B78092B6E
:1071EC0020D0092B37DC082B21D0082B33DC062BC5
:1071FC000ED0062B2FDC052B0FD0052B2BDC032BF5
:10720C001FD0032B27DC002B16D0012B1ED022E025
:10721C003968786800F0DCF922E03968786800F0A9
:10722C0046FB1DE03968786800F084FB18E039688B
:10723C00786800F00DFC13E03968786800F03DFCCC
:10724C000EE03968786800F06BFC09E03968786802
:10725C0000F07AFC04E03968786800F0CFFC00BFDD
:10726C0004E03968786800F0C9FC00BFFB7B184665
:10727C001037BD4680BD80B584B000AF78603960F2
:10728C000023FB733B681B7803F06003402B05D095
:10729C00402B2ED8002B01D0202B2AD17B6893F8C1
:1072AC009C32013B022B1DD83B689B88DBB2012B27
:1072BC0013D87B68D3F8B4329B68396878689847E0
:1072CC000346FB733B68DB88002B10D1FB7B002B48
:1072DC000DD1786800F05AFD09E03968786800F043
:1072EC008DFC04E03968786800F088FC00E000BF91
:1072FC0004E03968786800F081FC00BF0023184670
:10730C001037BD4680BD80B584B000AF7860396061
:10731C000023FB723B689B88BB723B681B7803F0B5
:10732C006003402B07D0402B00F24881002B0AD081
:10733C00202B40F043817B68D3F8B4329B683968CA
:10734C00786898473FE13B681B7803F06003202B7B
:10735C000AD17B68D3F8B4329B683968786898474F
:10736C000346FB72FB7A2FE13B685B78032B07D05B
:10737C00032B00F31D81002B72D0012B3AD017E1A7
:10738C007B6893F89C32022B02D0032B15D02BE098
:10739C00BB7A002B0CD0BB7A802B09D0BB7A194658
:1073AC00786801F06BF98021786801F067F920E0CA
:1073BC003968786800F022FC1BE03B685B88002B86
:1073CC000ED1BB7A002B0BD0BB7A802B08D03B683C
:1073DC00DB88002B04D1BB7A1946786801F04EF992
:1073EC00786800F0D3FC04E03968786800F006FC9B
:1073FC0000BFE2E07B6893F89C32022B02D0032B97
:10740C0015D026E0BB7A002B0CD0BB7A802B09D090
:10741C00BB7A1946786801F031F98021786801F05F
:10742C002DF91CE03968786800F0E8FB17E03B6840
:10743C005B88002B12D1BB7A03F07F03002B04D0A6
:10744C00BB7A1946786801F038F9786800F09EFC30
:10745C0004E03968786800F0D1FB00E000BFACE0D4
:10746C007B6893F89C32022B02D0032B33D099E02B
:10747C00BB7A002B07D0BB7A802B04D03968786894
:10748C0000F0BCFB93E097F90A30002B0CDABB7AC6
:10749C0003F07F0213469B0013449B0010337A6861
:1074AC0013440433FB600CE0BB7A03F07F021346F9
:1074BC009B0013449B0003F5A8737A6813440433B0
:1074CC00FB60FB6800221A60FB6802221946786890
:1074DC0000F0FEFB6BE097F90A30002B11DABB7A57
:1074EC0003F00F02796813469B0013449B000B4476
:1074FC0018331B68002B17D13968786800F07EFBB5
:10750C0055E0BB7A03F00F02796813469B001344D5
:10751C009B000B4403F5AC731B68002B04D139683A
:10752C00786800F06BFB42E097F90A30002B0CDA1C
:10753C00BB7A03F07F0213469B0013449B0010336D
:10754C007A6813440433FB600CE0BB7A03F07F02CF
:10755C0013469B0013449B0003F5A8737A681344ED
:10756C000433FB60BB7A002B02D0BB7A802B03D197
:10757C00FB6800221A600EE0BB7A1946786801F0AD
:10758C00BBF80346002B03D0FB6801221A6002E013
:10759C00FB6800221A60FB6802221946786800F02A
:1075AC0097FB04E03968786800F028FB00BF04E022
:1075BC003968786800F022FB00BF04E0396878680D
:1075CC0000F01CFB00BFFB7A18461037BD4680BD8F
:1075DC0080B584B000AF7860396000233B81002314
:1075EC00FB600023FB723B685B881B0A9BB2072B7A
:1075FC0000F01781072B00F32E81062B00F0FB8087
:10760C00062B00F32881032B33D0032B00F32381AB
:10761C00012B02D0022B0CD01DE17B68D3F8B032C9
:10762C001B687A68127C07F1080110469847F860CD
:10763C0019E17B681B7C002B0DD17B68D3F8B4322D
:10764C009B6A07F1080210469847F860FB68013303
:10765C0002221A7007E17B68D3F8B432DB6A07F1B7
:10766C00080210469847F860FB68013302221A7032
:10767C00F9E03B685B88DBB2052B00F09980052BA9
:10768C0000F3B080042B79D0042B00F3AB80032BD8
:10769C005AD0032B00F3A680022B3BD0022B00F315
:1076AC00A180002B02D0012B1AD09BE07B68D3F871
:1076BC00B0325B68002B0BD07B68D3F8B0325B68C0
:1076CC007A68127C07F1080110469847F86091E03F
:1076DC003968786800F092FAFB7A0133FB7289E022
:1076EC007B68D3F8B0329B68002B0BD07B68D3F847
:1076FC00B0329B687A68127C07F1080110469847F3
:10770C00F86077E03968786800F078FAFB7A013332
:10771C00FB726FE07B68D3F8B032DB68002B0BD0C8
:10772C007B68D3F8B032DB687A68127C07F1080109
:10773C0010469847F8605DE03968786800F05EFAAA
:10774C00FB7A0133FB7255E07B68D3F8B0321B69CE
:10775C00002B0BD07B68D3F8B0321B697A68127C93
:10776C0007F1080110469847F86043E039687868DB
:10777C0000F044FAFB7A0133FB723BE07B68D3F8F0
:10778C00B0325B69002B0BD07B68D3F8B0325B69ED
:10779C007A68127C07F1080110469847F86029E0D6
:1077AC003968786800F02AFAFB7A0133FB7221E021
:1077BC007B68D3F8B0329B69002B0BD07B68D3F875
:1077CC00B0329B697A68127C07F108011046984721
:1077DC00F8600FE03968786800F010FAFB7A013332
:1077EC00FB7207E03968786800F008FAFB7A01331D
:1077FC00FB7238E037E07B681B7C002B09D17B687F
:10780C00D3F8B4325B6B07F1080210469847F86066
:10781C0029E03968786800F0F1F9FB7A0133FB72E2
:10782C0021E07B681B7C002B0DD17B68D3F8B43234
:10783C001B6B07F1080210469847F860FB68013390
:10784C0007221A700FE03968786800F0D7F9FB7AD4
:10785C000133FB7207E03968786800F0CFF9FB7AE6
:10786C000133FB7200BFFB7A002B1CD13B89002B30
:10787C0011D03B68DB88002B0DD03B68DA883B8944
:10788C00934228BF13469BB23B813B891A46F96849
:10789C00786800F01DFA3B68DB88002B04D178680F
:1078AC0000F074FA00E000BF1037BD4680BD80B513
:1078BC0084B000AF786039603B689B88002B30D176
:1078CC003B68DB88002B2CD13B685B887F2B28D84E
:1078DC003B685B88DBB203F07F03FB737B6893F838
:1078EC009C32032B04D13968786800F087F91DE0CD
:1078FC007B68FA7B83F89E22FB7B1946786800F044
:10790C0026FF786800F042FAFB7B002B04D07B68E2
:10791C00022283F89C2209E07B68012283F89C22D6
:10792C0004E03968786800F069F900BF00BF1037CF
:10793C00BD4680BD80B582B000AF786039603B68D1
:10794C005B88DAB2414B1A70404B1B78012B04D97F
:10795C003968786800F052F975E07B6893F89C32CE
:10796C00022B02D0032B23D062E0384B1B78002B68
:10797C001AD0364B1B781A467B685A607B680322F8
:10798C0083F89C22314B1B7819467868FFF7E2F993
:10799C000346022B04D13968786800F02FF952E0C5
:1079AC00786800F0F3F94EE0786800F0EFF94AE0FF
:1079BC00264B1B78002B12D17B68022283F89C2269
:1079CC00224B1B781A467B685A60204B1B78194651
:1079DC007868FFF7DEF9786800F0D8F933E01B4BD4
:1079EC001B781A467B685B689A421DD07B685B6883
:1079FC00DBB219467868FFF7CCF9144B1B781A46A2
:107A0C007B685A60114B1B7819467868FFF7A2F90E
:107A1C000346022B04D13968786800F0EFF812E0C5
:107A2C00786800F0B3F90EE0786800F0AFF90AE07E
:107A3C003968786800F0E2F8044B1B7819467868CE
:107A4C00FFF7A7F900BF0837BD4680BD0402002030
:107A5C0080B582B000AF786039603B68DB88012B61
:107A6C0004D03968786800F0C9F822E07B6893F894
:107A7C009C32022B02DC002B03DC15E0032B0BD019
:107A8C0012E07B6800229A607B6808330122194659
:107A9C00786800F01DF90CE07B680433012219466C
:107AAC00786800F015F904E03968786800F0A6F8F9
:107ABC0000BF00BF0837BD4680BD80B582B000AFA7
:107ACC00786039607B6893F89C32013B022B1ED89E
:107ADC003B68DB88022B04D03968786800F08EF89C
:107AEC001AE07B680122DA607B68D3F8A432002BA1
:107AFC0005D07B68DB6843F002027B68DA607B6848
:107B0C000C3302221946786800F0E2F804E0396878
:107B1C00786800F073F800BF00BF0837BD4680BD21
:107B2C0080B582B000AF786039603B685B88012B10
:107B3C0006D17B680122C3F8A422786800F026F9EC
:107B4C0000BF0837BD4680BD80B582B000AF7860FD
:107B5C0039607B6893F89C32013B022B0BD83B6855
:107B6C005B88012B0CD17B680022C3F8A4227868B7
:107B7C0000F00CF904E03968786800F03FF800E098
:107B8C0000BF00BF0837BD4680BD80B483B000AFD6
:107B9C00786039603B681A787B681A703B685A7851
:107BAC007B685A703B6802331B781A463B68033378
:107BBC001B781B029BB213449AB27B685A803B68B9
:107BCC0004331B781A463B6805331B781B029BB2A7
:107BDC0013449AB27B689A803B6806331B781A462A
:107BEC003B6807331B781B029BB213449AB27B6829
:107BFC00DA8000BF0C37BD4680BC704780B582B0C0
:107C0C0000AF786039608021786800F037FD002182
:107C1C00786800F033FD00BF0837BD4680BD80B5E5
:107C2C0086B000AFF860B9607A600023FB75FB6822
:107C3C00002B32D0F86800F034F8034601339BB2C5
:107C4C005B009AB27B681A80FB7D5A1CFA751A4647
:107C5C00BB6813447A6812781A70FB7D5A1CFA754B
:107C6C001A46BB68134403221A7012E0FB685A1CB4
:107C7C00FA60FA7D511CF9751146BA680A441B78F2
:107C8C001370FB7D5A1CFA751A46BB68134400220C
:107C9C001A70FB681B78002BE8D100BF1837BD4663
:107CAC0080BD80B485B000AF78600023FB7305E025
:107CBC00FB7B0133FB737B6801337B607B681B7838
:107CCC00002BF5D1FB7B18461437BD4680BC7047A2
:107CDC0080B584B000AFF860B9601346FB80FB68D8
:107CEC000222C3F89422FA88FB68DA61FA88FB68EE
:107CFC001A62FB88BA680021F86800F047FD00237F
:107D0C0018461037BD4680BD80B584B000AFF86012
:107D1C00B9601346FB80FB88BA680021F86800F054
:107D2C0035FD002318461037BD4680BD80B584B0A4
:107D3C0000AFF860B9601346FB80FB680322C3F800
:107D4C009422FA88FB68C3F85C21FA88FB68C3F8B4
:107D5C006021FB88BA680021F86800F03AFD002326
:107D6C0018461037BD4680BD80B584B000AFF860B2
:107D7C00B9601346FB80FB88BA680021F86800F0F4
:107D8C0028FD002318461037BD4680BD80B582B053
:107D9C0000AF78607B680422C3F894220023002291
:107DAC000021786800F0F2FC002318460837BD4625
:107DBC0080BD80B582B000AF78607B680522C3F8C7
:107DCC009422002300220021786800F002FD002399
:107DDC0018460837BD4680BD80B584B000AF7860CA
:107DEC000B46FB700023FB737B681B7C002B15D1AF
:107DFC004FF4007302228121786800F0FAFB7B6853
:107E0C000122DA624FF4007302220121786800F03B
:107E1C00F0FB7B680122C3F86C2112E040230222A4
:107E2C008121786800F0E5FB7B680122DA6240234F
:107E3C0002220121786800F0DCFB7B680122C3F888
:107E4C006C21082303228221786800F0D2FB7B6826
:107E5C0001221A644FF4077000F0F2FC02467B68B2
:107E6C00C3F8B8227B68D3F8B832002B02D10123B7
:107E7C00FB7326E07B68D3F8B832BB607B68D3F821
:107E8C00BC321B689847BB680022C3F81422BB683D
:107E9C000022C3F818227B681B7C002B09D1BB681D
:107EAC00D3F804224FF400730121786800F091FCA0
:107EBC0007E0BB68D3F8042240230121786800F066
:107ECC0088FCFB7B18461037BD4680BD80B584B05E
:107EDC0000AF78600B46FB700023FB738121786840
:107EEC0000F0ADFB7B680022DA620121786800F0BB
:107EFC00A6FB7B680022C3F86C218221786800F015
:107F0C009EFB7B6800221A647B68D3F8B832002B86
:107F1C000ED07B68D3F8BC325B6898477B68D3F88B
:107F2C00B832184600F098FC7B680022C3F8B822DF
:107F3C00FB7B18461037BD4680BD80B586B000AFC0
:107F4C00786039607B68D3F8B8323B610023FB73EF
:107F5C000023BB810023FB753B681B7803F0600397
:107F6C00002B39D0202B7FD13B68DB88002B29D00C
:107F7C003B681B785BB2002B11DA7B68D3F8BC3200
:107F8C009B683A68507839693A68D2889847396959
:107F9C003B68DB881A467868FFF79AFE6BE03B6813
:107FAC005A783B6983F800223B68DB88DAB23B697C
:107FBC0083F8012239693B68DB881A467868FFF739
:107FCC00B5FE58E07B68D3F8BC329B683A685078B1
:107FDC000022396898474EE03B685B780B2B2ED01B
:107FEC000B2B38DC002B02D00A2B14D033E07B682F
:107FFC0093F89C32032B07D107F10C03022219468C
:10800C007868FFF765FE2EE039687868FFF7F6FDB3
:10801C000223FB7527E07B6893F89C32032B07D176
:10802C0007F10F03012219467868FFF751FE1AE099
:10803C0039687868FFF7E2FD0223FB7513E07B6873
:10804C0093F89C32032B0DD039687868FFF7D6FD76
:10805C000223FB7506E039687868FFF7CFFD022331
:10806C00FB7500E000BF06E039687868FFF7C6FDD5
:10807C000223FB7500BFFB7D18461837BD4680BD3B
:10808C0080B584B000AF78600B46FB707B68D3F88A
:10809C00B832FB607B68D3F8C032BB607B68D3F826
:1080AC00B832002B3AD0FA78796813469B00134407
:1080BC009B000B441C331B68002B29D0FA78796881
:1080CC0013469B0013449B000B441C331A68F9782D
:1080DC00B8680B469B000B44DB00034420331B6841
:1080EC00B2FBF3F101FB03F3D31A002B10D1FA7896
:1080FC00796813469B0013449B000B441C330022ED
:10810C001A60F97800230022786800F03FFB03E046
:10811C00FB680022C3F81422002300E00223184657
:10812C001037BD4680BD80B584B000AF78600B467B
:10813C00FB707B68D3F8B832FB60FB781946786823
:10814C0000F06AFB0246FB68C3F80C227B68D3F88C
:10815C00B832002B0DD07B68D3F8BC32DB68FA68E0
:10816C00D2F80402FA6802F503721146984700230C
:10817C0000E0022318461037BD4680BD80B584B0A0
:10818C0000AF78607B68D3F8B832FB607B68D3F8BB
:10819C00BC32002B14D0FB6893F80032FF2B0FD0AD
:1081AC007B68D3F8BC329B68FA6892F80002F968D5
:1081BC00FA6892F801229847FB68FF2283F80022A4
:1081CC00002318461037BD4680BD000080B483B034
:1081DC0000AF78607B6843221A80034B18460C373B
:1081EC00BD4680BC704700BF9400002080B483B0B3
:1081FC0000AF78607B6843221A80034B18460C371B
:10820C00BD4680BC704700BF5000002080B483B0D6
:10821C0000AF78607B6843221A80034B18460C37FA
:10822C00BD4680BC704700BFD800002080B483B02E
:10823C0000AF78607B680A221A80034B18460C3713
:10824C00BD4680BC704700BF0C00002080B485B0D8
:10825C0000AF786039600223FB733B68002B05D0BC
:10826C007B683A68C3F8BC220023FB73FB7B18467F
:10827C001437BD4680BC704780B487B000AFF8603F
:10828C00B9601346FB80FB68D3F8B8327B617B691D
:10829C00BA68C3F80822FA887B69C3F81022002355
:1082AC0018461C37BD4680BC704780B485B000AF03
:1082BC00786039607B68D3F8B832FB60FB683A6849
:1082CC00C3F80422002318461437BD4680BC7047FF
:1082DC0080B584B000AF78607B68D3F8B832FB60AF
:1082EC007B68D3F8B832002B1CD0FB68D3F814325F
:1082FC00002B15D1FB680122C3F81422FB68D3F8BC
:10830C0010227B681A63FB68D3F80822FB68D3F849
:10831C0010329BB28121786800F038FA002302E019
:10832C00012300E0022318461037BD4680BD80B5FE
:10833C0084B000AF78607B68D3F8B832FB607B68A0
:10834C00D3F8B832002B17D07B681B7C002B09D1DB
:10835C00FB68D3F804224FF400730121786800F015
:10836C0038FA07E0FB68D3F804224023012178682F
:10837C0000F02FFA002300E0022318461037BD4608
:10838C0080BD000080B584B000AF78607B681B684E
:10839C000D4A934213D10D4BDB690C4A43F4000395
:1083AC00D3610A4BDB6903F40003FB60FB6800221A
:1083BC0003211420FDF74DF81420FDF766F800BFDB
:1083CC001037BD4680BD00BF005C0040001002406D
:1083DC0080B582B000AF78607B68D3F8D4227B681C
:1083EC0003F5267319461046FEF7E6FC00BF083766
:1083FC00BD4680BD80B582B000AF78600B46FB7087
:10840C007B68D3F8D402FA78796813469B0013443E
:10841C00DB000B4403F5B2731A68FB781946FEF7C0
:10842C0018FD00BF0837BD4680BD80B582B000AFD7
:10843C0078600B46FB707B68D3F8D402FA787968C5
:10844C0013469B001344DB000B4424331A68FB785F
:10845C001946FEF76FFD00BF0837BD4680BD80B5DD
:10846C0082B000AF78607B68D3F8D4321846FEF740
:10847C007FFE00BF0837BD4680BD80B584B000AF1D
:10848C0078600123FB737B689B79022B01D001F090
:10849C0081F87B68D3F8D432FA7B11461846FEF784
:1084AC002FFE7B68D3F8D4321846FEF7E8FD00BFE8
:1084BC001037BD4680BD000080B582B000AF78603B
:1084CC007B68D3F8D4321846FEF729FE7B689B7A7A
:1084DC00002B05D0044B1B69034A43F006031361C0
:1084EC0000BF0837BD4680BD00ED00E080B582B00E
:1084FC0000AF78607B68D3F8D4321846FEF723FEC1
:10850C0000BF0837BD4680BD80B582B000AF786033
:10851C00284A7B68C2F8D4327B68264AC3F8C0224A
:10852C00244B254A1A60234B08221A71214B022234
:10853C009A71204B00229A721E4B0022DA721D4B4C
:10854C0000221A731B48F7F72FFE0346002B01D0AD
:10855C0001F020F87B68D3F8C00218230022002118
:10856C00F9F740FB7B68D3F8C00258230022802126
:10857C00F9F738FB7B68D3F8C002C02300228121B5
:10858C00F9F730FB7B68D3F8C0024FF488730022F4
:10859C000121F9F727FB7B68D3F8C0024FF48073F5
:1085AC0000228221F9F71EFB002318460837BD462E
:1085BC0080BD00BF08020020005C004080B584B084
:1085CC0000AF78600023FB730023BB737B68D3F888
:1085DC00C0321846F7F7DEFE0346FB73FB7B1846EA
:1085EC0000F04EF90346BB73BB7B18461037BD46F3
:1085FC0080BD80B584B000AF7860084611461A463D
:10860C000346FB700B46BB7013463B800023FB7389
:10861C000023BB737B68D3F8C002BB783A88F97827
:10862C00F8F732F80346FB73FB7B184600F028F989
:10863C000346BB73BB7B18461037BD4680BD80B567
:10864C0084B000AF78600B46FB700023FB730023F3
:10865C00BB737B68D3F8C032FA7811461846F8F72A
:10866C0070F80346FB73FB7B184600F009F90346D0
:10867C00BB73BB7B18461037BD4680BD80B584B03C
:10868C0000AF78600B46FB700023FB730023BB73B9
:10869C007B68D3F8C032FA7811461846F8F718F907
:1086AC000346FB73FB7B184600F0EAF80346BB73EA
:1086BC00BB7B18461037BD4680BD80B584B000AF7B
:1086CC0078600B46FB700023FB730023BB737B6845
:1086DC00D3F8C032FA7811461846F8F759F9034620
:1086EC00FB73FB7B184600F0CBF80346BB73BB7BDC
:1086FC0018461037BD4680BD80B485B000AF786099
:10870C000B46FB707B68D3F8C032FB6097F90330E3
:10871C00002B0BDAFB7803F07F02F96813469B0001
:10872C001344DB000B4412331B780BE0FB7803F093
:10873C007F02F96813469B001344DB000B4403F5DE
:10874C00A9731B7818461437BD4680BC704780B59A
:10875C0084B000AF78600B46FB700023FB730023E2
:10876C00BB737B68D3F8C032FA7811461846F7F71A
:10877C0067FF0346FB73FB7B184600F081F803464A
:10878C00BB73BB7B18461037BD4680BD80B586B029
:10879C0000AFF8607A601A460B46FB7213463B81B9
:1087AC000023FB750023BB75FB68D3F8C0023B8923
:1087BC00F97A7A68F8F755F80346FB75FB7D18468D
:1087CC0000F05EF80346BB75BB7D18461837BD46F6
:1087DC0080BD80B586B000AFF8607A601A460B4653
:1087EC00FB7213463B810023FB750023BB75FB68B2
:1087FC00D3F8C0023B89F97A7A68F7F7EAFF0346A7
:10880C00FB75FB7D184600F03BF80346BB75BB7D42
:10881C0018461837BD4680BD80B582B000AF786071
:10882C000B46FB707B68D3F8C032FA7811461846B9
:10883C00F8F700F8034618460837BD4680BD00001F
:10884C0080B483B000AF7860024B18460C37BD463D
:10885C0080BC7047E004002080B483B000AF786027
:10886C0000BF0C37BD4680BC704780B483B000AFEE
:10887C0078600B46FB7000BF0C37BD4680BC704760
:10888C0080B485B000AF0346FB710023FB73FB790A
:10889C00032B13D0032B14DC022B0CD0022B10DC7B
:1088AC00002B02D0012B03D00BE00023FB730BE059
:1088BC000223FB7308E00123FB7305E00223FB7327
:1088CC0002E00223FB7300BFFB7B18461437BD4646
:1088DC0080BC704780B500AF002212491248FEF7E9
:1088EC00C5F90346002B01D000F054FE0F490E4889
:1088FC00FEF7F4F90346002B01D000F04BFE0C49B7
:10890C000948FFF7A3FC0346002B01D000F042FE00
:10891C000548FEF709FA0346002B01D000F03AFE99
:10892C0000BF80BD1C0100200007002018000020A3
:10893C006C01002080B483B000AF03463960FB713A
:10894C003B6812221A80034B18460C37BD4680BC7C
:10895C00704700BF3801002080B483B000AF0346DD
:10896C003960FB713B6804221A80034B18460C37A4
:10897C00BD4680BC704700BF4C01002080B582B062
:10898C0000AF03463960FB71FB79002B05D13A68C7
:10899C0007490848FFF743F904E03A6804490548D9
:1089AC00FFF73DF9024B18460837BD4680BD00BFA6
:1089BC00C4090020B0AF000880B582B000AF0346F8
:1089CC003960FB713A6804490448FFF728F9024BF7
:1089DC0018460837BD4680BDC4090020C8AF000842
:1089EC0080B582B000AF03463960FB713B681A2238
:1089FC001A8000F043F8024B18460837BD4680BD7C
:108A0C005001002080B582B000AF03463960FB7185
:108A1C00FB79002B05D13A6807490848FFF7FFF8A6
:108A2C0004E03A6804490548FFF7F9F8024B184688
:108A3C000837BD4680BD00BFC4090020DCAF00086C
:108A4C0080B582B000AF03463960FB71FB79002B17
:108A5C0005D13A6807490848FFF7E1F804E03A689D
:108A6C0004490548FFF7DBF8024B18460837BD46AA
:108A7C0080BD00BFC4090020E8AF000880B584B0F9
:108A8C0000AF0F4B1B68FB600E4B1B68BB600E4BA3
:108A9C001B687B60FA687B681344FB60FB68002BE7
:108AAC0009D008220949F86800F014F80422084992
:108ABC00B86800F00FF800BF1037BD4680BD00BF8E
:108ACC00E8F7FF1FECF7FF1FF0F7FF1F5201002024
:108ADC006201002080B487B000AFF860B960134623
:108AEC00FB710023FB750023FB7527E0FB681B0F54
:108AFC00092B0BD8FB681B0FDAB2FB7D5B00194608
:108B0C00BB680B443032D2B21A700AE0FB681B0F00
:108B1C00DAB2FB7D5B001946BB680B443732D2B22C
:108B2C001A70FB681B01FB60FB7D5B000133BA68AC
:108B3C00134400221A70FB7D0133FB75FA7DFB791F
:108B4C009A42D3D300BF00BF1C37BD4680BC7047D0
:108B5C0080B500AF002205490548FFF78DFB05499C
:108B6C000348FFF7A2FB0023184680BDC40F00206A
:108B7C0000070020C40B002080B400AF002318466F
:108B8C00BD4680BC704780B483B000AF03463960EB
:108B9C00FB711346BB80FB79232B1ED0232B1EDCD1
:108BAC00222B1ED0222B1ADC212B1CD0212B16DCC5
:108BBC00202B1AD0202B12DC042B18D0042B0EDC0B
:108BCC00032B16D0032B0ADC022B14D0022B06DC51
:108BDC00002B12D0012B12D001E000BF10E000BF1F
:108BEC000EE000BF0CE000BF0AE000BF08E000BFD1
:108BFC0006E000BF04E000BF02E000BF00E000BFE1
:108C0C00002318460C37BD4680BC704780B582B037
:108C1C0000AF78603960094B01221A703B681B6801
:108C2C00074A136079680748FFF73FFB0548FFF7D1
:108C3C007EFB002318460837BD4680BDC4130020B8
:108C4C00C81300200007002080B584B000AF786006
:108C5C000B467B800023FB730D4BD3F8B832BB6003
:108C6C00BB68D3F81432002B01D001230BE07B88B6
:108C7C001A4679680648FFF7FFFA0548FFF728FB04
:108C8C000346FB73FB7B18461037BD4680BD00BF07
:108C9C000007002080B584B000AF03463960FB713B
:108CAC004FF48053FB60FB79052B5CD0052B68DC03
:108CBC00042B48D0042B64DC032B36D0032B60DC54
:108CCC00022B24D0022B5CDC002B02D0012B0ED00B
:108CDC0057E0314A3B6853632F4B00229A632E4B6B
:108CEC000022DA63FB6843F05503FB6049E02A4A33
:108CFC003B685363284B00229A63274B0022DA63AC
:108D0C00FB6843F4A06343F00503FB6039E0224B9E
:108D1C0000225A63204A3B6893631F4B0022DA639C
:108D2C00FB6843F4AA63FB602BE01B4B00225A63E5
:108D3C00194A3B689363184B0022DA63FB6843F0D3
:108D4C005503FB601DE0144B00225A63124B0022AA
:108D5C009A63114A3B68D363FB6843F4A06343F006
:108D6C000503FB600DE00C4B00225A630A4B0022FA
:108D7C009A63094A3B68D363FB6843F4AA63FB60BC
:108D8C0000BF054AFB68136220210448FDF77CFBF9
:108D9C0000BF1037BD4680BD002C01404814002098
:108DAC0080B500AF094B4FF480521A62074B00227A
:108DBC005A63064B00229A63044B0022DA6320218B
:108DCC000348FDF761FB00BF80BD00BF002C0140D4
:108DDC004814002080B485B000AF78600023FB609D
:108DEC0003E000BFFB680133FB607A6813469B000D
:108DFC0013445B001A46FB689A42F2D800BF00BFCE
:108E0C001437BD4680BC704780B586B000AF0346B2
:108E1C00FB800B46BB8013467B80FB88002B29D044
:108E2C00FB88164A92FBF3F33B613B695B08FB60E2
:108E3C00BB884FF47A7202FB03F31A463B69B2FB10
:108E4C00F3F3BB6000237B610FE07B8819460520A0
:108E5C00FFF720FFF868FFF7BDFFFFF7A1FFF868E9
:108E6C00FFF7B8FF7B6901337B617A69BB689A4273
:108E7C00EBD300E000BF1837BD4680BD40420F0069
:108E8C0080B584B000AF78600B467B8013463B8086
:108E9C000023FB8125E0FB899B007A6813441B8827
:108EAC00002B0AD1FFF77CFFFB899B007A681344E7
:108EBC005B881846FBF7D0FA0DE0FB899B007A68BB
:108ECC0013441888FB899B007A6813445B883A88A2
:108EDC001946FFF799FF1420FBF7BEFAFB89013303
:108EEC00FB81FA897B889A42D5D3FFF759FF00BFE3
:108EFC001037BD4680BD000080B594B000AFFBF7C5
:108F0C0049FA00F04BF900F04BFB00F0B1FB00F01C
:108F1C005DFCFFF7DFFC8C4BDB688B4A43F0807306
:108F2C00D3608A4B00225A60884B1B68874A43F0F7
:108F3C000103136044F62060FBF78EFA8448FCF7BB
:108F4C0005FD0346002B01D000F024FB804B1B6871
:108F5C006FF004021A607E4B1B686FF002021A60FD
:108F6C007B48FCF7A1FD0346002B01D000F012FB5F
:108F7C000C217848FDF740F800217648FDF73CF8C5
:108F8C0000217448FDF7EEFC04217248FDF734F81B
:108F9C0004217048FDF7E6FC08216E48FDF72CF81B
:108FAC0008216C48FDF7DEFC6A4B1B685A6C694B58
:108FBC001B6842F400425A641B216748FFF744FEC9
:108FCC004FF49672AA216548FFF75AFF40F6B83065
:108FDC00FBF742FA4FF47A710520FFF75BFE18217C
:108FEC005F48FFF731FE3220FBF736FA5D4B00226B
:108FFC001A705D4B4FF42F721A601B215B48FFF700
:10900C0023FE5B4B1B78DBB2002B5ED1554B1B78E0
:10901C00DBB2554A126811461846FFF73BFE514B1E
:10902C001B78DBB20133DAB24E4B1A704D4B1B7806
:10903C00DBB2052B02D94B4B00221A704D4B1B781F
:10904C000133DAB24B4B1A704A4B1B78022B16D9F0
:10905C00484B00221A70484B1B68C82B04D9464B4E
:10906C001B680A3B444A13603F4B1B6840F6B732FF
:10907C00934204D83C4B1B6805333B4A13600023D6
:10908C007B6403E000BF7B6C01337B643A4B1A6852
:10909C0013469B0013447A6C9342F3D8364B1A68F0
:1090AC00364B1B689A42ACD8284B5B68344A136029
:1090BC00314B1A6813469B001344DA00D31A314A19
:1090CC0013602B4B01221A709BE7204B5B68FB64EF
:1090DC002B4B1B68FA6CD31A2B4A934202D9294B9F
:1090EC0000221A60FBF7AEF90246284B1B68D31A14
:1090FC00C82B86D9FBF7A6F90346244A1360214BEB
:10910C001B68002B1BD01F4B1A681346DB009B1AE5
:10911C001F4AB2FBF3F3BB64134B1B68381DBA6CCC
:10912C001C4900F0A7FE3B1D1846F6F7E9FF034665
:10913C009AB23B1D11461846FFF786FD61E71621D2
:10914C001548FFF781FD5CE7F0ED00E0001000E052
:10915C001814002048140020F8AF0008C0B0000814
:10916C0014B0000808140020840100202CB0000862
:10917C00FC130020091400207C0100208001002039
:10918C000014002004140020005125020C140020AF
:10919C000054EA2A48B0000868B0000880B594B0C2
:1091AC0000AF07F1280328220021184600F0C8FE62
:1091BC0007F1140300221A605A609A60DA601A618F
:1091CC003B1D00221A605A609A60DA600123BB6270
:1091DC004FF48033FB6200233B630123BB63022308
:1091EC007B644FF48033BB644FF4E013FB6407F1F2
:1091FC0028031846FBF754F90346002B01D000F066
:10920C00C9F90F237B610223BB610023FB614FF47F
:10921C0080633B6200237B6207F114030221184632
:10922C00FBF7C0FB0346002B01D000F0B3F912236F
:10923C007B604FF40043FB6000233B613B1D1846F1
:10924C00FBF750FD0346002B01D000F0A3F9FBF710
:10925C0093FC00BF5037BD4680BD000080B58AB07E
:10926C0000AF78607B681B68924A934240F0838120
:10927C00914B1B68914A1360914B1B68914A136088
:10928C00914B1B68914A1360914B1B688A4A13607F
:10929C00904B1B688A4A13608F4B1B688A4A136079
:1092AC0001217868FCF78EFC0346894A1360022181
:1092BC007868FCF787FC0346864A136003217868BC
:1092CC00FCF780FC0346844A13607C4B1A687A4B8B
:1092DC001B681A447E4B1B681344804AA2FB032371
:1092EC005B087F4A1360774B1A68754B1B681A44EE
:1092FC00784B1B681344794AA2FB03235B08794A19
:10930C001360724B1A68704B1B681A44724B1B68C3
:10931C001344724AA2FB03235B08734A1360734B1A
:10932C001B78DBB2012B40F01981714B5B68FB6140
:10933C00704B1B68FA69D31ABB616F4B1B68002B0F
:10934C0004D06D4B1B689B087B6202E04FF4616399
:10935C007B62BA697B6A9A42C0F00081604B1A68E2
:10936C00604B1B681A44604B1B6813445B4AA2FB9E
:10937C0003235B087B61002387F823305F4B1B784A
:10938C00DBB2052B3FD0052B46DC042B32D0042B53
:10939C0042DC032B25D0032B3EDC022B18D0022BF6
:1093AC003ADC002B02D0012B09D035E04E4B1B6868
:1093BC007A699A4234D9012387F8233030E0494B3B
:1093CC001B687A699A422DD2012387F8233029E051
:1093DC00434B1B687A699A4226D9012387F82330BC
:1093EC0022E0414B1B687A699A421FD2012387F80D
:1093FC0023301BE03B4B1B687A699A4218D9012336
:10940C0087F8233014E0364B1B687A699A4211D2E4
:10941C00012387F823300DE0384B00221A700AE044
:10942C0000BF08E000BF06E000BF04E000BF02E0A0
:10943C0000BF00E000BF97F82330002B00F08E80B7
:10944C002B4B5B683B612B4B1B683A69D31AFB6057
:10945C00284A3B691360FB68B3F5616F10D9FB6850
:10946C00274A93420CD2274B1A68FB681344254AAF
:10947C001360254B1B780133DAB2234B1A7005E0CD
:10948C00204B00221A60204B00221A701E4B1B78B6
:10949C00052B4BD91B4B1B68104AA2FB03239B08C3
:1094AC00BB60154B1B68002B30D1134ABB68136093
:1094BC0036E000BF00240140D0130020CC13002064
:1094CC00DC130020D8130020E8130020E413002044
:1094DC00D4130020E0130020EC130020ABAAAAAA9E
:1094EC00F0130020F4130020F8130020FC130020CC
:1094FC00001000E0001400200414002008140020C8
:10950C0080EE360010140020141400201C4B1A6836
:10951C0013465B001A44BB6813449B08184A13603B
:10952C00184B00221A60184B00221A70174B1B782C
:10953C00DBB20133DAB2154B1A70144B1B78DBB269
:10954C00052B02D9114B00221A70104B1B78DBB281
:10955C000F4A126811461846FFF79CFB7B681B6884
:10956C006FF004021A607B681B685A687B681B6882
:10957C0042F080025A6000BF2837BD4680BD00BF54
:10958C0004140020101400201414002008140020CF
:10959C008401002080B400AF72B600BF00BFFDE7AD
:1095AC0080B588B000AF07F1100300221A605A6032
:1095BC009A60DA602A4B9B69294A43F01003936145
:1095CC00274B9B6903F01003FB60FB68244B9B69E2
:1095DC00234A43F020039361214B9B6903F0200342
:1095EC00BB60BB681E4B9B691D4A43F0040393612F
:1095FC001B4B9B6903F004037B607B68184B9B69D6
:10960C00174A43F008039361154B9B6903F0080359
:10961C003B603B684FF460433B6103237B6107F184
:10962C00100319460F48FBF7C9FC48F2F8033B61DD
:10963C0003237B6107F1100319460B48FBF7BEFCB3
:10964C0041F6FF733B6103237B6107F1100319465D
:10965C000648FBF7B3FC00BF2037BD4680BD00BFFA
:10966C00001002400010014000080140000C0140B5
:10967C0080B588B000AF3B1D00221A605A609A601A
:10968C00DA601A615A619A612C4B2D4A1A602B4B85
:10969C004FF480729A60294B00221A73274B0022D8
:1096AC001A75264B4FF46022DA61244B00225A6063
:1096BC00224B01221A612148FBF702FF0346002BC3
:1096CC0001D0FFF767FF00237B600123BB600323FE
:1096DC007B610223FB600023FB6100237B7600236C
:1096EC003B7600233B613B1D19461448FCF798FA66
:1096FC000346002B01D0FFF74DFF01237B600223B3
:10970C00BB603B1D19460D48FCF78AFA0346002B3B
:10971C0001D0FFF73FFF02237B600323BB603B1D9F
:10972C0019460648FCF77CFA0346002B01D0FFF7DC
:10973C0031FF00BF2037BD4680BD00BF181400208C
:10974C000024014080B588B000AF786007F11003A9
:10975C0000221A605A609A60DA607B681B68184AAB
:10976C00934229D1174B9B69164A43F400739361BA
:10977C00144B9B6903F40073FB60FB68114B9B69F2
:10978C00104A43F0040393610E4B9B6903F00403EE
:10979C00BB60BB6807233B6103237B6107F11003AC
:1097AC0019460948FBF70AFC002201211220FBF79D
:1097BC0050FE1220FBF769FE00BF2037BD4680BD6E
:1097CC0000240140001002400008014080B592B016
:1097DC0000AF07F1400300221A605A6007F124031E
:1097EC0000221A605A609A60DA601A615A619A61B2
:1097FC003B1D20220021184600F0A2FB474B484A93
:10980C001A60464B00225A60444B20229A60434B0C
:10981C0040F60F62DA60414B00221A613F4B002286
:10982C005A613E4B80229A613C48FCF795FB0346FB
:10983C00002B01D0FFF7AEFE70233B6480237B64CA
:10984C0007F1400319463548FDF72AF90346002B6A
:10985C0001D0FFF79FFE60237B620023BB620023D5
:10986C00FB6200233B6300237B630023BB63002369
:10987C00FB6307F12403002219462848FCF74EFD30
:10988C000346002B01D0FFF785FE07F124030422C9
:10989C0019462248FCF742FD0346002B01D0FFF786
:1098AC0079FE07F12403082219461C48FCF736FD03
:1098BC000346002B01D0FFF76DFE40F6DD53BB6273
:1098CC0007F124030C2219461448FCF727FD034624
:1098DC00002B01D0FFF75EFE00237B600023BB60F2
:1098EC000023FB6024233B614FF480537B614FF4D6
:1098FC000053BB6100233B623B1D19460748FDF733
:10990C002DF90346002B01D0FFF744FE034800F06D
:10991C0037F800BF4837BD4680BD00BF4814002053
:10992C00002C014080B584B000AF78607B681B6868
:10993C00114A93421BD1114B9B69104A43F40063AB
:10994C0093610E4B9B6903F40063FB60FB68002280
:10995C0000211820FBF77DFD1820FBF796FD002257
:10996C0002211920FBF775FD1920FBF78EFD00BFB6
:10997C001037BD4680BD00BF002C014000100240D6
:10998C0080B588B000AF786007F1100300221A6030
:10999C005A609A60DA607B681B681C4A934231D12A
:1099AC001B4B9B691A4A43F008039361184B9B6944
:1099BC0003F00803FB60FB68154B9B69144A43F0EA
:1099CC0004039361124B9B6903F00403BB60BB68F7
:1099DC004FF460433B6102237B610223FB6107F17F
:1099EC00100319460B48FBF7E9FA4FF4E0633B61AF
:1099FC0002237B610223FB6107F110031946064821
:109A0C00FBF7DCFA00BF2037BD4680BD002C0140BF
:109A1C0000100240000C01400008014080B500AF6E
:109A2C00FBF728F900BFFDE780B400AF00BFFDE7EE
:109A3C0080B400AF00BFFDE780B400AF00BFFDE70E
:109A4C0080B400AF00BFFDE780B400AF00BFBD46DF
:109A5C0080BC704780B400AF00BFBD4680BC70476F
:109A6C0080B400AF00BFBD4680BC704780B500AF6E
:109A7C00FAF7D6FC00BF80BD80B500AF0248FBF7FB
:109A8C00F7FD00BF80BD00BF1814002080B500AFEB
:109A9C000248F6F7A5FC00BF80BD00BF08020020FD
:109AAC0080B500AF0248FCF749FB00BF80BD00BF8A
:109ABC004814002080B500AF0248FCF73FFB00BF04
:109ACC0080BD00BF4814002080B485B000AF154B9A
:109ADC009B69144A43F001039361124B9B6903F099
:109AEC000103BB60BB680F4BDB690E4A43F080532C
:109AFC00D3610C4BDB6903F080537B607B680A4BB2
:109B0C005B68FB60FB6823F0E063FB60FB6843F081
:109B1C000073FB60044AFB68536000BF1437BD46FA
:109B2C0080BC7047001002400000014080B586B038
:109B3C0000AF7860144A154BD31A7B617B693B618B
:109B4C00134B1B68002B02D1114B124A1A60104B9D
:109B5C001A687B6813443A699A4207D200F03EFABD
:109B6C0003460C221A604FF0FF3309E0084B1B68C8
:109B7C00FB60074B1A687B681344054A1360FB684B
:109B8C0018461837BD4680BD00500020001000005C
:109B9C0090140020E015002080B586B000AFF8606E
:109BAC00B9607A6000237B610AE0AFF30080014664
:109BBC00BB685A1CBA60CAB21A707B6901337B61EC
:109BCC007A697B689A42F0DB7B6818461837BD4689
:109BDC0080BD80B586B000AFF860B9607A600023B4
:109BEC007B6109E0BB685A1CBA601B781846AFF35E
:109BFC0000807B6901337B617A697B689A42F1DB77
:109C0C007B6818461837BD4680BD80B483B000AF62
:109C1C0078604FF0FF3318460C37BD4680BC704758
:109C2C0080B483B000AF786039603B684FF4005269
:109C3C005A60002318460C37BD4680BC704780B470
:109C4C0083B000AF7860012318460C37BD4680BC4A
:109C5C00704780B485B000AFF860B9607A600023BB
:109C6C0018461437BD4680BC70470000F6F796FACC
:109C7C000B480C490C4A002302E0D458C45004335E
:109C8C00C4188C42F9D3094A094C002301E0136033
:109C9C000432A242FBD300F0A7F9FFF72DF970476D
:109CAC0000000020E4010020ACB30008E401002017
:109CBC00E0150020FEE70000002310B50446C0E9C3
:109CCC000033C0E90433836081814366C2818361C0
:109CDC00194608225C3000F033F90D4B24626362A4
:109CEC000C4BA3620C4BE3620C4B23630C4B9C425E
:109CFC0006D003F16802944202D0D0339C4205D1C5
:109D0C0004F15800BDE8104000F092B910BD00BF3E
:109D1C00C59E0008E79E00081F9F0008459F00088D
:109D2C0094140020024A0349034800F06BB800BFAA
:109D3C00880100208DAB00089801002041680C4B75
:109D4C0010B59942044601D000F01AFFA168094BE6
:109D5C00994202D0204600F013FFE168064B99426D
:109D6C0004D02046BDE8104000F00ABF10BD00BF73
:109D7C0094140020FC1400206415002010B50A4B2C
:109D8C000A4A04211A600A480022FFF795FF0122B3
:109D9C0009210848FFF790FFBDE81040022212216C
:109DAC000548FFF789BF00BFCC150020319D000886
:109DBC0094140020FC14002064150020014800F0CD
:109DCC0038B900BFD5150020014800F033B900BFE9
:109DDC00D515002010B50446FFF7F0FF236A1BB120
:109DEC00BDE81040FFF7F0BF044B2362044B1B6827
:109DFC00002BF5D1FFF7C2FFF2E700BF499D000829
:109E0C00CC1500202DE9F8438046894614460026DF
:109E1C00D4E90175013F05D52468002CF8D13046F2
:109E2C00BDE8F883AB89012B07D9B5F90E300133A6
:109E3C0003D029464046C84706436835EAE7000088
:109E4C000FB407B5064904AB086853F8042B8168B6
:109E5C00019300F065FB03B05DF804EB04B07047B0
:109E6C0094010020024B01461868826800F0B0BED5
:109E7C00940100200EB46FF0004110B500249DB089
:109E8C001FAB02900690079104910948094953F8B9
:109E9C00042B0591006802A901931B9400F020FA91
:109EAC00029B1C701DB0BDE8104003B0704700BF92
:109EBC00940100200802FFFF10B50C46B1F90E10FA
:109ECC0000F068F80028ABBF636DA3891B1823F45E
:109EDC008053ACBF6365A38110BD2DE9F0411F46D3
:109EEC008B890546DB050C46164605D50223002258
:109EFC00B1F90E1000F03CF8A389324623F48053DC
:109F0C00A38128463B46B4F90E10BDE8F04100F0A1
:109F1C0053B810B50C46B1F90E1000F029F8B4F98D
:109F2C000C30421C0BBF23F4805343F48053A381A9
:109F3C00A38118BF606510BDB1F90E1000F008B810
:109F4C0003460244934200D1704703F8011BF9E722
:109F5C0038B50023054C054608462360FFF755FE2F
:109F6C00431C02D1236803B12B6038BDD0150020EF
:109F7C0038B50546084611460022054C22601A46A3
:109F8C00FFF767FE431C02D1236803B12B6038BD79
:109F9C00D015002038B50546084611460022054C60
:109FAC0022601A46FFF7F8FD431C02D1236803B167
:109FBC002B6038BDD015002038B505460846114633
:109FCC000022054C22601A46FFF703FE431C02D107
:109FDC00236803B12B6038BDD0150020014B1868E5
:109FEC00704700BF9401002070B500260C4C0D4B3F
:109FFC001D1BB6EBA50F09D1002600F0ABFF0A4CD8
:10A00C000A4B1D1BB6EBA50F05D170BD54F8043BD4
:10A01C0098470136EDE754F8043B98470136F1E7D1
:10A02C00A4B30008A4B30008A4B30008A8B30008A4
:10A03C00704770477047000037B5002942D051F87F
:10A04C00043C0C1F002BB8BFE418019000F0DCF8A6
:10A05C001D4A0198136833B96360146003B0BDE8FE
:10A06C00304000F0D7B8A34208D9256861198B425B
:10A07C0001BF19685B6849192160EDE71A465B68F6
:10A08C000BB1A342FAD911685518A5420BD124681B
:10A09C0021445418A3421160E0D11C685B680C4445
:10A0AC0014605360DAE702D90C230360D6E7256805
:10A0BC0061198B4201BF19685B68491921606360A3
:10A0CC005460CBE703B030BDDC15002070B50F4CED
:10A0DC000E462168054611B900F05AFE2060314643
:10A0EC00284600F055FE431C03D14FF0FF342046A8
:10A0FC0070BDC41C24F00304A042F8D0211A2846D9
:10A10C0000F046FE0130F2D1EFE700BFD815002079
:10A11C002DE9F843CD1C25F0030508350C2D38BF6F
:10A12C000C25002D064601DBA94204D90C23336013
:10A13C000020BDE8F883334F00F066F83B681C46FE
:10A14C003CBB29463046FFF7C1FF431C044656D1A1
:10A15C003C68A046B8F1000F40D1002C49D02368D0
:10A16C004146304604EB030900F012FE814540D114
:10A17C00216830466D1A2946FFF7A8FF013038D008
:10A18C0023682B4423603B685A685ABBC7F800808D
:10A19C000EE02268521B1ED40B2A16D96119A34259
:10A1AC00256018BF5960636808BF396062514B6005
:10A1BC00304600F02FF804F10B00231D20F00700AF
:10A1CC00C21A1CBF1B1AA350B3E76268A3420CBF90
:10A1DC003A605A60ECE723466468B1E74446D8F825
:10A1EC000480B7E71A465B68A342FBD10023536097
:10A1FC00DEE70C233046336000F00CF898E705607E
:10A20C00D6E700BFDC1500200148FFF712BF00BFE6
:10A21C00D41500200148FFF70DBF00BFD415002056
:10A22C002DE9F0471F468E688246BE420C4690468A
:10A23C00334653D8B1F90C0010F4906F2BD06569EC
:10A24C002368096905EB4505A3EB010905EBD575F9
:10A25C007B1C6D104B44AB422A4684BF1D462A46DC
:10A26C00430527D511465046FFF752FF064658B313
:10A27C004A46216900F0AAFDA38923F4906343F0B8
:10A28C008003A38126614E4426603B463E466561B1
:10A29C00A5EB0905A5601F463A464146206800F02B
:10A2AC005DFD0020A3689B1BA36023683B442360D7
:10A2BC00BDE8F087504600F097FD06460028E1D136
:10A2CC0050462169FFF7B8FE0C23CAF80030A38969
:10A2DC004FF0FF3043F04003A381E9E73E46DBE754
:10A2EC002DE9F0471F468B8906461B060D46144682
:10A2FC009CB010D50B6973B94021FFF709FF28609A
:10A30C00286130B90C2333604FF0FF301CB0BDE82E
:10A31C00F08740236B610023099320238DF82930AB
:10A32C0030234FF001080397644F8DF82A302346F1
:10A33C001A7899461AB1252A03F10103F8D1B9EB21
:10A34C00040A0BD05346224629463046FFF768FFD5
:10A35C00013000F0A380099A5244099299F8003018
:10A36C00002B00F09B8000224FF0FF33CDE905322B
:10A37C0009F10109049207928DF853201A924C4668
:10A38C00052214F8011B4D4800F012FD049AD0B9B7
:10A39C00D00644BF20238DF85330110744BF2B2324
:10A3AC008DF8533099F800302A2B13D04B460020EF
:10A3BC004FF00A0C07991A781C46303A092A4AD9E8
:10A3CC00A8B1079113E0C01B08FA00F01043A14696
:10A3DC000490D4E7039B191D1B680391002BBBBF92
:10A3EC005B4242F0020207930793B8BF04922378B2
:10A3FC002E2B0AD163782A2B32D1039B02341A1DDF
:10A40C001B68039243EAE3730593DFF8B4900322CD
:10A41C004846217800F0CCFC38B14022049BA0EBDC
:10A42C000900824013430134049321780622254805
:10A43C008DF8281000F0BCFC002835D0224818BB41
:10A44C00039B073323F0070308330393099B013461
:10A45C00034409936BE701200CFB01210133AAE7AC
:10A46C0000234FF00A0C18460593611C0A780C4621
:10A47C00303A092A03D9002BC7D00590C5E7012330
:10A48C000CFB00200131F1E703AB00932A46304668
:10A49C000E4B04A9AFF30080421CD7D1AB895B06ED
:10A4AC003FF532AF099831E703AB00932A463046AB
:10A4BC00064B04A900F0BEF9EEE700BF68B3000834
:10A4CC006EB3000872B30008000000002DA2000853
:10A4DC00936810B4013B002B936007DA9469A34294
:10A4EC0001DB0A2902D110BC00F0A6BB1368581C72
:10A4FC0010601970084610BC7047F8B506460F4638
:10A50C001446D518AC4201D1002007E03A4630463B
:10A51C0014F8011BFFF7DCFF431CF3D1F8BD00005E
:10A52C002DE9F04706460D4614461F469CB018B15F
:10A53C00036A0BB9FFF74EFC6B6ED90705D4AB89D8
:10A54C009A0502D4A86DFFF774FDAB891B0701D5E2
:10A55C002B699BB92946304600F0ACFB70B16B6E91
:10A56C00DE0704D54FF0FF301CB0BDE8F087AB8997
:10A57C009C05F7D4A86DFFF75DFDF3E70023099365
:10A58C0020238DF8293030234FF001080397694FB1
:10A59C008DF82A3023461A7899461AB1252A03F1E8
:10A5AC000103F8D1B9EB040A0BD0534622462946D5
:10A5BC003046FFF7A2FF013000F0A380099A524405
:10A5CC00099299F80030002B00F09B8000224FF08C
:10A5DC00FF33CDE9053209F10109049207928DF898
:10A5EC0053201A924C46052214F8011B514800F0D6
:10A5FC00DFFB049AD0B9D00644BF20238DF853302A
:10A60C00110744BF2B238DF8533099F800302A2BB7
:10A61C0013D04B4600204FF00A0C07991A781C46B1
:10A62C00303A092A4AD9A8B1079113E0C01B08FA9D
:10A63C0000F01043A1460490D4E7039B191D1B683E
:10A64C000391002BBBBF5B4242F0020207930793BE
:10A65C00B8BF049223782E2B0AD163782A2B32D1DF
:10A66C00039B02341A1D1B68039243EAE3730593A0
:10A67C00DFF8C49003224846217800F099FB38B1EA
:10A68C004022049BA0EB0900824013430134049345
:10A69C002178062229488DF8281000F089FB002823
:10A6AC003ED0274818BB039B073323F0070308331E
:10A6BC000393099B0134034409936BE701200CFBC2
:10A6CC0001210133AAE700234FF00A0C1846059329
:10A6DC00611C0A780C46303A092A03D9002BC7D0E2
:10A6EC000590C5E701230CFB00200131F1E703AB1A
:10A6FC0000932A463046134B04A9AFF30080431C49
:10A70C00D7D16B6ED90705D4AB899A0502D4A86D45
:10A71C00FFF790FCAB895B063FF524AF099823E764
:10A72C0003AB00932A463046064B04A900F082F88E
:10A73C00E5E700BF68B300086EB3000872B3000809
:10A74C000000000007A500082DE9F0479146984647
:10A75C008A680B6907469342B8BF1346C9F80030A4
:10A76C0091F843200C46089E12B10133C9F8003011
:10A77C002368990642BFD9F800300233C9F800307B
:10A78C00256815F0060507D104F1190AE368D9F814
:10A79C0000209B1AAB4229DC94F843302268003B22
:10A7AC0018BF012392062ED44146384604F14302C9
:10A7BC00B047013021D02368A16803F00603042BB5
:10A7CC0012BF0025E568D9F80030226904BFED1AE4
:10A7DC0025EAE5758B1A2B449142C8BF1D464FF0F4
:10A7EC0000091A344D451AD1002008E001235246C5
:10A7FC0041463846B047013003D14FF0FF30BDE839
:10A80C00F0870135C2E73020E11881F843005A1C6B
:10A81C0094F845102244023382F84310C4E7012314
:10A82C00224641463846B0470130E6D009F10109CD
:10A83C00D8E700002DE9F04398460B7E85B0782BC5
:10A84C00174606460C460C9A09D8622B01F14301B7
:10A85C0008D8002B00F0DC80582B00F0BD8004F1F0
:10A86C00420539E0A3F163001528F8D801A555F885
:10A87C0020F000BFD9A80008EDA800086BA80008BC
:10A88C006BA800086BA800086BA80008EDA80008CE
:10A89C006BA800086BA800086BA800086BA8000840
:10A8AC00FDA9000819A90008ABA900086BA80008AD
:10A8BC006BA8000825AA00086BA8000819A90008B5
:10A8CC006BA800086BA80008B3A90008136804F172
:10A8DC004205191D1B68116084F842300123A8E061
:10A8EC0013682568181D1060280601D51B6803E045
:10A8FC006A06FBD5B3F90030002B03DA2D225B423C
:10A90C0084F843200A22DFF878C113E02568106828
:10A91C0015F0800F50F8043B02D16D0648BF9BB276
:10A92C001060227EDFF858C16F2A5DD1082200200A
:10A93C0084F843006568002DA56005DB20681D4385
:10A94C0020F00400206051D00D46B3FBF2F002FB66
:10A95C00103E1CF80EE09A4205F801ED0346F4D9BE
:10A96C00082A0BD12368DA0708D5236962689A4252
:10A97C00DEBF302305F8013C05F1FF35491B216191
:10A98C003B4621463046CDF8008003AAFFF7DCFE9B
:10A99C00013053D14FF0FF3005B0BDE8F083236890
:10A9AC0043F0200323607823DFF8D8C084F84530C7
:10A9BC002068156810F0800F55F8043B03D110F097
:10A9CC00400F18BF9BB21560C50744BF40F0200074
:10A9DC00206023B11022AAE7DFF8A4C0E6E72268C2
:10A9EC0022F020022260F5E70A22A0E70D46B7E725
:10A9FC001368D4F800C01D1D60691CF0800F156031
:10AA0C001B6801D0186003E01CF0400FFAD01880CE
:10AA1C0000230D462361B3E71368191D11601D68EF
:10AA2C0000212846626800F0C3F908B1401B606041
:10AA3C0063682361002384F84330A1E72A46394632
:10AA4C0030462369C0470130A4D023689B0714D437
:10AA5C00E068039B9842B8BF18469DE7012339462E
:10AA6C00304604F11902C047013093D00135E36838
:10AA7C0003995B1AAB42F1DCEAE70025F7E700BF6C
:10AA8C0079B300088AB30008B1F90C20F8B51607A1
:10AA9C0005460C4651D44B68002B02DC0B6C002B8A
:10AAAC0049DDE66A002E46D0002312F480522F684E
:10AABC002B6031D0626DA389590705D56368D21A12
:10AACC00636B0BB1236CD21A00232846E66A216A09
:10AADC00B047421CB4F90C3006D129681D2944D862
:10AAEC00264ACA40D60740D5002262602269D904A2
:10AAFC00226004D5421C01D12B6803B96065616BDF
:10AB0C002F60C1B104F14403994202D02846FFF7EB
:10AB1C0093FA002363630EE001232846216AB047B1
:10AB2C000246501CC7D12B68002BC4D01D2B01D062
:10AB3C00162B19D12F6000201CE00F69002FFAD0C2
:10AB4C00930718BF00230E6808BF4B69F61B0F60F4
:10AB5C008B60002EEFDD33463A462846216AD4F846
:10AB6C0028C0E047002806DCA3894FF0FF3043F0F3
:10AB7C004003A381F8BD0744361AEAE701004020E0
:10AB8C0038B50B6905460C4613B91D46284638BD29
:10AB9C0018B1036A0BB9FFF71DF9B4F90C30002B8F
:10ABAC00F3D0626ED00704D4990502D4A06DFFF7E0
:10ABBC0040FA28462146FFF767FF636E0546DA0721
:10ABCC00E4D4A3899B05E1D4A06DFFF733FADDE74C
:10ABDC0070B506460D46144618B1036A0BB9FFF75B
:10ABEC00F9F8636ED80705D4A389990502D4A06D32
:10ABFC00FFF71FFAA368013B002BA36005DAA269DB
:10AC0C00934212DBEBB20A2B0FD023685A1C226042
:10AC1C001D70EDB2636EDA0705D4A3899B0502D4CF
:10AC2C00A06DFFF707FA284670BD2946224630462C
:10AC3C0000F002F80546EDE7F8B505460F46144658
:10AC4C0018B1036A0BB9FFF7C5F8A369A360A38910
:10AC5C001A0701D5236943B92146284600F02AF882
:10AC6C0018B14FF0FF363046F8BD23692068C01A82
:10AC7C006369834205DC21462846FFF781FF0028E3
:10AC8C00EFD1A3680130013BA3602368FEB25A1CCC
:10AC9C0022601F706369834204D0A389DB07E2D56D
:10ACAC000A2EE0D121462846FFF76AFF0028DAD0A9
:10ACBC00D7E7000038B5284B054618680C4618B184
:10ACCC00036A0BB9FFF786F8B4F90C30190720D4D6
:10ACDC00DA0607D409222A6043F040034FF0FF3014
:10ACEC00A38131E0580711D5616B41B104F14403E4
:10ACFC00994202D02846FFF79FF900236363002294
:10AD0C00A3896260226923F02403226043F00803C4
:10AD1C00A38123694BB9A38903F42073B3F5007F96
:10AD2C0003D02146284600F0B1F8B4F90C3013F0EA
:10AD3C0001020AD00022A26062695242A261226919
:10AD4C0042B913F08000C7D138BD990758BF62696A
:10AD5C00A260F4E70020F7E794010020884210B5C8
:10AD6C0001EB020402D98442234607D8431EA142B8
:10AD7C0007D011F8012B03F8012FF8E702448242A7
:10AD8C0000D110BD13F8011D02F8011DF7E70000FA
:10AD9C0038B50023054C054608462360FEF7C6FE71
:10ADAC00431C02D1236803B12B6038BDD0150020A1
:10ADBC00034610B5C9B20244934201D1002004E00D
:10ADCC001846047801338C42F6D110BD0A449142E6
:10ADDC0000F1FF3300D1704710B511F8014B9142CF
:10ADEC0003F8014FF9D110BD2DE9F0410746154686
:10ADFC000C4621B91146BDE8F041FFF789B92AB9D3
:10AE0C00FFF71AF92C462046BDE8F08100F09AF8BD
:10AE1C008542064602D8B5EB500FF4D82946384681
:10AE2C00FFF776F9804608B94446ECE7B5422A4666
:10AE3C00214628BF3246FFF7C9FF21463846FFF7A7
:10AE4C00FBF8F1E770B50E46B1F90E101446002967
:10AE5C001D4696B00ADAB28912F0800213D14FF473
:10AE6C00806100202A60216016B070BD6A4600F037
:10AE7C0047F80028EFDB019A02F47042A2F5005368
:10AE8C005A425A41EBE700224021EAE78B8973B51D
:10AE9C009E0705460C4607D504F147032360236142
:10AEAC000123636102B070BD01AB6A46FFF7CAFFB4
:10AEBC00009E28463146FFF72BF9B4F90C3038B90F
:10AECC009A05EFD423F0030343F00203A381E3E7D5
:10AEDC0043F08003A381019BC4E904062060002B8E
:10AEEC00E0D02846B4F90E1000F01CF80028D9D098
:10AEFC00A38923F0030343F00103A381D2E70000ED
:10AF0C0038B50023064C0546084611462360FEF76B
:10AF1C0087FE431C02D1236803B12B6038BD00BFF0
:10AF2C00D015002038B50023054C05460846236093
:10AF3C00FEF785FE431C02D1236803B12B6038BD9C
:10AF4C00D015002051F8043C181F002BBCBF0B5827
:10AF5C00C0187047F8B500BFF8BC08BC9E467047D7
:0CAF6C00F8B500BFF8BC08BC9E4670475A
:10AF78004552524F523A2000496E76616C696420FE
:10AF88004465766963652068616E646C65000000DD
:10AF9800496E76616C696420436C617373206861E3
:10AFA8006E646C650000000053544D3332205669BE
:10AFB800727475616C20436F6D506F72740000007D
:10AFC80053544D6963726F656C656374726F6E6913
:10AFD8006373000043444320436F6E666967000053
:10AFE80043444320496E74657266616365000000DE
:10AFF8005B4D41494E5D20E692ADE694BEE887AAD6
:10B00800E6A380E99FB32E2E2E0A00005B4D41492E
:10B018004E5D20E794B5E69CBAE5B7B2E5BD92E48B
:10B02800BD8D0A005B4D41494E5D20E5BC80E78E31
:10B03800AFE590AFE58AA8E4B8AD2E2E2E0A000041
:10B048005B52504D5D2053706565643A20256C75E0
:10B05800207C20447574793A20256C750A0000001C
:10B068005B52504D5D2053706565643A203020284E
:10B0780053544F50290A000000000000000000004F
:10B088000102030406070809000000000102030486
:10B0980002030405060708090A0B0C0D0E0F101011
:10B0A8000102000002030405060708090A0B0C0D3B
:10B0B8000E0F101001020000930264009302640056
:10B0C8000000640093026400000064000B02640046
:10B0D80093026400000064001003640000002C0167
:10B0E8008801640000002C010B0264000000C80005
:10B0F800880164000000C8004A0164000000C8001C
:10B10800B801640000006400EE01640000006400FF
:10B11800D2016400B8016400880142009302420031
:10B128001003420070036400BA0264001003640054
:10B138000000640093026400000064000B026400D5
:10B148004B026400EE0164000000C8000B026400BA
:10B158000000C800880164000000C8004A016400BB
:10B168000000C800B801640000006400EE0164003B
:10B1780000006400D2016400B80164008801420044
:10B18800930242001003420070036400BA02640094
:10B19800100364000000640093026400000064006F
:10B1A8000B0264004B026400EE0164000000C8005A
:10B1B8000000C80010033200E4023200BA02320074
:10B1C8006E02640093026400000064009F01320074
:10B1D800B80132000B02320000003200B801320020
:10B1E8000B0232004B0264000000C800100332005A
:10B1F800E4023200BA0232006E0264009302640074
:10B2080000006400170464000000320017046400A2
:10B21800170464000000C80010033200E402320082
:10B22800BA0232006E0264009302640000006400F7
:10B238009F013200B80132000B02320000003200D8
:10B24800B80132000B0232004B02640000006400B7
:10B258006E02C800000064004B02C80000006400D1
:10B268000B02C800000090010B0264000000C80037
:10B27800880164000000C8004A0164000000C8009A
:10B28800B801640000006400EE016400000064007E
:10B29800D2016400B80164008801420093024200B0
:10B2A8001003420070036400BA02640010036400D3
:10B2B8000000640093026400000064000B02640054
:10B2C8004B026400EE0164000000C8000B02640039
:10B2D8000B026400000064000B02640000006400BC
:10B2E8000B0264004B0264000000640093026400D7
:10B2F8000B02640000006400B80164008801640067
:10B30800000090010B0264000B026400000064005E
:10B318000B026400000064000B0264004B0264002E
:10B3280093026400000090010B02640000003200E8
:10B3380088016400000032004A016400B80164001A
:10B34800EE016400B80164009F016400D20164004A
:10B358009F016400880164005D0164008801900118
:10B36800232D302B2000686C4C00656667454647E6
:10B378000030313233343536373839414243444569
:10B3880046003031323334353637383961626364D8
:04B3980065660000E6
:08B39C00704DFF7F010000006D
:04B3A4008501000817
:04B3A8005D0100083B
:10B3AC0000127A0010000000010000000A060002E2
:10B3BC000000004001000000E57D0008D97E000877
:10B3CC00477F000800000000898100088D8000087C
:10B3DC0033810008000000000000000000000000A5
:10B3EC00F9810008D9810008198200083982000807
:10B3FC0009024300020100C03209040000010202EC
:10B40C00010005240010010524010001042402029E
:10B41C000524060001070582030800100904010039
:10B42C00020A000000070501020002000705810264
:10B43C000002000009024300020100C032090400AE
:10B44C000001020201000524001001052401000185
:10B45C0004240202052406000107058203080010DB
:10B46C0009040100020A0000000705010240000067
:10B47C00070581024000000009074300020104C0D7
:10B48C00320904000001020201000524001001052C
:10B49C002401000104240202052406000107058290
:10B4AC000308001009040100020A0000000705014E
:10B4BC00024000000705810240000000418900089D
:10B4CC0065890008C589000889890008ED8900088C
:10B4DC00118A00084D8A0008120100020202004085
:10B4EC008304405700020102030100000403090415
:10B4FC001A03000000000000000000000000000023
:10B50C000000000000000000000000005D8B00083F
:10B51C00858B0008938B0008198C0008B80B000071
:10B52C00E8030000C8000000000000000300000059
:10B53C0094140020980100200000000094140020B6
:10B54C00FC14002064150020000000000000000026
:10B55C0000000000000000000000000000000000DF
:10B56C0000000000000000000000000000000000CF
:10B57C0000000000000000000000000000000000BF
:04B58C0000000000BB
:0400000508009C79DA
:00000001FF
